cntry,n,d_SD,d_UN,d_BE,d_TR,d_CO,d_SE,d_PO,d_AC,d_HE,d_ST,dim_openness,dim_transcendence,dim_conservation,dim_enhancement,country_name,year,round
AT,2313,0.3882067494961278,0.5386449903845563,0.7127460523880341,-0.24185930572464087,-0.11289699208064957,0.5476806547532251,-0.7029449241649084,-0.2975479910855432,-0.17970947149904515,-0.9272098626469186,-0.23957086154994534,0.6256955213862953,0.06438505173252472,-0.5002533559780401,Austria,2023,11
BE,1577,0.36548127289031523,0.6007011236833483,0.7977406595520409,0.09409664455498334,-0.3113472878851804,0.20284824678152802,-1.092201806318855,-0.4847171143202806,0.15887248302265294,-0.6324013989477726,-0.03601588101160152,0.6992208916176945,-0.0048007988495563465,-0.7884594603195677,Belgium,2023,11
BG,2222,0.10387986974821385,0.1984452892152602,0.45286042080970274,-0.16388622490952195,-0.045503826851731134,0.42596125277277297,-0.6143194123641939,0.10881888249490423,-0.18899605348663218,-0.376305311885441,-0.1538071652079531,0.3256528550124814,0.0731688073268283,-0.25275026493464475,Bulgaria,2023,11
CH,1367,0.6187979433555596,0.6973633036238027,0.8755410237513012,-0.04440330457288916,-0.5875151774406351,0.16821264946663395,-1.0194339298994801,-0.6643306366574238,0.22166807048853168,-0.6281170003714587,0.0707830044908776,0.7864521636875519,-0.15442628467335434,-0.8418822832784519,Switzerland,2023,11
CY,665,0.39877343564894513,0.5214196770166936,0.6117482417026324,0.3040821592512222,-0.25874669080853996,0.7351732536800613,-0.923594637023459,-0.5582078964731598,-0.4765842067593671,-0.6227050728621523,-0.23350528132419138,0.566583959359663,0.26016957404091456,-0.7409012667483094,Cyprus,2023,11
DE,2381,0.5893692530607796,0.7521424951438223,0.9895680986712784,-0.03757741322031627,-0.42445849171642874,0.458530675985199,-1.1646588538885922,-0.702832595241302,0.03291904622839214,-0.8634771214146001,-0.08039627404180948,0.8708552969075503,-0.000959886058627692,-0.9337457245649471,Germany,2023,11
EE,1282,0.4834308814726138,0.6144283241559496,0.7148820589841219,0.09413907391926835,-0.2559549835612639,0.53426427383103,-1.1826678837264508,-0.7139944260474326,-0.07351577590338428,-0.5130049933396493,-0.03429793981188348,0.6646551915700358,0.12414945472967816,-0.948638710946579,Estonia,2023,11
ES,1834,0.5603967181959958,0.7845991422737114,0.9935795860713307,0.25665093741089196,-0.25663454091881466,0.6089081571418111,-1.3600573438510521,-0.8967620676461036,-0.1907375598028131,-0.8967373554538939,-0.17569273235357039,0.8890893641725209,0.2029748512112961,-1.1284254854926334,Spain,2023,11
FI,1521,0.48000078824562137,0.8448452107036319,0.9215125143538274,-0.3029573497603493,-0.15220543395529448,0.40863805189744257,-1.4063516809235739,-0.8834990410209129,0.19235934461068996,-0.5242652104024043,0.04936497415130236,0.8831788625287297,-0.015845059306447508,-1.1449253609722432,Finland,2023,11
FR,1744,0.38829821947748544,0.7758811794582249,0.8488588954885936,0.10670780180471577,-0.3019404988469573,0.4392806766738062,-1.3179346212152585,-1.0137571320111642,0.3192566391456945,-0.6413947951686777,0.02205335448483412,0.8123700374734093,0.08145208618581815,-1.1658458766132114,France,2023,11
GB,1536,0.4830811480909153,0.7313130976594371,0.8273035375093024,-0.01749963548679365,-0.3673538702584254,0.39134008905440787,-1.0721183227380642,-0.49938138720931685,-0.2960126895023292,-0.5739777501504598,-0.1290973608602998,0.7793083175843698,0.0028614929568896285,-0.7871161838448706,United Kingdom,2023,11
GR,2748,0.32751627699441516,0.3058937750135377,0.47673618828336173,0.0621547208005331,-0.2798850510739429,0.7023488780963288,-0.6857017832415851,-0.42596545662722435,-0.1470478179936387,-0.4932871608243399,-0.10427290060785446,0.39131498164844974,0.1618053961022339,-0.5558336199344047,Greece,2023,11
HR,1549,0.1834422304683743,0.6009944478054721,0.7780754566811812,0.30260075516666834,0.1947789072314857,0.6440381289949487,-0.8364191349609152,-0.4322466984589082,-0.44699578128320266,-1.2676767307437247,-0.5104100938528511,0.6897571726314187,0.3807512988550462,-0.6343329167099117,Croatia,2023,11
HU,2118,0.17414632845661598,0.2903756653918257,0.3238006027172856,-0.05864157421025985,-0.14666857751911846,0.41499026741451006,-0.5385037393376575,-0.1212654376214846,0.057314277426109485,-0.5427075786085828,-0.10374899090861914,0.3070881340545557,0.0698933718950439,-0.3301152048915019,Hungary,2023,11
IE,1990,0.3769679748218359,0.5483867046604404,0.6654406779211753,0.0741819787718046,-0.26362917419072673,0.516523750723945,-0.8412939479994097,-0.41944152853815764,-0.3918373964723953,-0.544348046052635,-0.1863697720087587,0.6069136912908079,0.10909660750857944,-0.6303677382687837,Ireland,2023,11
IL,893,0.3102234723435787,0.28320655788583426,0.4117667021856863,-0.09182711176003049,-0.2903930882058722,0.3837028413654334,-0.5665771637669756,0.09055679343113308,-0.02549010502238739,-0.6416078005807847,-0.11895814441986448,0.34748663003576025,0.0004942137998435738,-0.2404336098332679,Israel,2023,11
IS,826,0.4882209675653312,0.8297900576014321,1.1866213919021853,-0.2917776859679318,-0.6601808580609115,0.027681117798988162,-1.1419833971515458,-0.7324561941959757,0.26421949900561514,-0.39110574206476556,0.12044490816872694,1.0082057247518086,-0.30827640469193424,-0.9372197956737608,Iceland,2023,11
IT,2783,0.1618475815044392,0.41809811983601597,0.3817179829336863,0.15630211372278438,0.031795296304313006,0.593174355582545,-0.535196713254992,-0.06488341720141032,-0.5291810426863414,-0.8298060524842731,-0.3994071512289115,0.39990805138485114,0.26047400851218505,-0.30012001108191394,Italy,2023,11
LT,1342,0.39641229121335175,0.2448709379593362,0.21891339262064183,0.009990963112315005,-0.28091799674127305,0.642338261781851,-0.5707983849413876,-0.08442213602429216,-0.33114247635396343,-0.3642069370080075,-0.09964586146916483,0.23189216528998904,0.12410465749696395,-0.3277087736909159,Lithuania,2023,11
LV,1227,0.3110661287428873,0.26774111916506327,0.49054642499084766,-0.05200896348649613,-0.38567014444050374,0.677747532073687,-0.5526939120166695,-0.33363460669132355,-0.07648335313738548,-0.4952711927998875,-0.08689613906479524,0.3791437720779555,0.07998619740212541,-0.44316425935399656,Latvia,2023,11
ME,1589,0.06570687851251007,0.04238653066385986,0.20128878787180915,0.07364406529428398,-0.0502834146973565,0.2985643000501964,-0.15780086423306258,-0.004094539270175445,-0.24320093380602023,-0.24365428359465907,-0.1394986600518842,0.1218376592678345,0.10689432825602553,-0.08119374415966124,Montenegro,2023,11
NL,1675,0.6124279187806435,0.6716279042304227,0.8514107361633647,-0.15396679718341716,-0.4064009427869653,0.024075642057683127,-1.0960834303732738,-0.5296405723192706,0.17490063127268565,-0.48863223816215734,0.09956543729705726,0.7615193201968937,-0.17876403263756643,-0.8128620013462724,Netherlands,2023,11
NO,1320,0.5007184192001606,0.687052688797338,0.9742725256008349,-0.3016220817008985,0.1537439557007485,0.1421019801292943,-1.0509727456167532,-0.6607735607987135,-0.1668367977265729,-0.6255114392303828,-0.0968477968788001,0.8306626071990865,-0.0019253819569519039,-0.8558731532077334,Norway,2023,11
PL,1427,0.2495148310168712,0.6061684227518261,0.6486553737439419,0.22170657091678694,0.20136540094374938,0.6981866087164186,-0.7370698853998342,-0.4417447726388328,-0.9462044010473198,-0.8083113749651777,-0.5017277446825673,0.6274118982478839,0.37399508214091737,-0.589885269578731,Poland,2023,11
PT,1366,0.3707523126301208,0.44693540037592605,0.6209168633189209,0.1180298031733255,-0.4248850035810189,0.424190308441658,-0.8808582808594103,-0.14063188892409886,0.022754669252804897,-0.7833301678203057,-0.12994106197912667,0.5339261318474234,0.039111702677988185,-0.5107450848917545,Portugal,2023,11
RS,1518,0.2081246564642677,0.4872364524798512,0.7924954462893885,0.14946397057826363,-0.23194473448092703,0.7521320570207439,-0.8833685604293504,-0.27964316504350684,-0.41280949696645786,-0.8352502150015709,-0.34717056209045166,0.6398659493846198,0.22361380257139224,-0.5817175714558016,Serbia,2023,11
SE,1204,0.6029969598986856,0.8657533242018326,1.0352924103324057,-0.14158061476069647,-0.42422736349325507,-0.0731443990839705,-1.0783444611832225,-0.906095207803877,0.20408419212548856,-0.5262828762224456,0.09370337437373197,0.9505228672671192,-0.21298412577930737,-0.9922198344935496,Sweden,2023,11
SI,1226,0.34064896984788234,0.5277537992867215,0.4694194345179136,0.21454641161656296,-0.20394311861540207,0.4580960797870479,-1.006146400989209,-0.19226234614977766,-0.1808455539812392,-0.691888207868206,-0.17724264314567903,0.4985866169023176,0.1562195765508152,-0.5992043735694933,Slovenia,2023,11
SK,1420,0.1973431266161062,0.31059251121671916,0.2783972878028281,0.16929561772315246,0.06369941790653466,0.5540274074217588,-0.5100368289028454,-0.27965370045456256,-0.37529447116456194,-0.5729487370119108,-0.25031032181466795,0.2944994757235468,0.2620606248364331,-0.39434419299438134,Slovakia,2023,11
UA,2596,0.16496200305421305,0.5529533559909761,0.47319766766517735,-0.05039547859838336,-0.037688228588540845,0.7687672934516473,-0.6780842316530711,-0.4305276167441142,-0.40000312777437785,-0.6565645001547111,-0.2974477146564038,0.513086504450905,0.22705062815182397,-0.5540672129412866,Ukraine,2023,11
