cntry,year,ipcrtiv_mean,ipadvnt_mean,ipgdtim_mean,iphlppl_mean,ipeqopt_mean,ipudrst_mean,iplylfr_mean,ipmodst_mean,ipbhprp_mean,ipfrule_mean,ipshabt_mean,ipsuces_mean,iprspot_mean,ipstrgv_mean,ipcrtiv_median,ipadvnt_median,ipgdtim_median,iphlppl_median,ipeqopt_median,ipudrst_median,iplylfr_median,ipmodst_median,ipbhprp_median,ipfrule_median,ipshabt_median,ipsuces_median,iprspot_median,ipstrgv_median,round,country_name,v_SD,v_ST,v_HE,v_AC,v_PO,v_SE,v_CO,v_TR,v_BE,v_UN,d_SD,d_UN,d_BE,d_TR,d_CO,d_SE,d_PO,d_AC,d_HE,d_ST,dim_openness,dim_conservation,dim_enhancement,dim_transcendence,migration_share,mean_eduyrs,ldi,gini,unemployment_rate
BE,2002,2.5764,3.8649,2.5437,2.1553,2.0563,2.2816,1.799,2.6087,2.6697,3.1358,3.2571,3.2096,3.3104,2.5875,2.0,4.0,2.0,2.0,2.0,2.0,2.0,2.0,2.0,3.0,3.0,3.0,3.0,2.0,1,Belgium,2.5764,3.8649,2.5437,3.2096,3.2571,2.5875,2.8047333333333335,3.3104,1.97715,2.1689499999999997,-0.2536433333333332,-0.6610933333333335,-0.8528933333333333,0.48035666666666677,-0.02530999999999972,-0.24254333333333333,0.42705666666666664,0.37955666666666676,-0.2863433333333334,1.0348566666666668,2.9949999999999997,2.5533,3.09115,2.1644,16.85,12.2,0.819,25.8198112249374,7.525
BE,2004,2.5962,4.0282,2.4904,2.2321,1.9797,2.2917,1.7896,2.5337,2.3828,3.3383,3.0937,3.452,3.1444,2.4906,2.0,4.0,2.0,2.0,2.0,2.0,2.0,2.0,2.0,3.0,3.0,3.0,3.0,2.0,2,Belgium,2.5962,4.0282,2.4904,3.452,3.0937,2.4906,2.7516,3.1444,2.01085,2.1357,-0.22316499999999984,-0.683665,-0.8085149999999999,0.3250350000000002,-0.06776500000000008,-0.32876499999999975,0.2743350000000002,0.6326350000000001,-0.32896499999999973,1.208835,3.0382666666666664,2.5111,3.0451750000000004,2.1678333333333337,18.67,12.29,0.801,25.8198112249374,8.391666
BE,2006,2.7292,3.8964,2.5637,2.1135,1.98,2.3242,1.766,2.5326,2.5677,3.2111,3.1405,3.1482,3.1983,2.5114,3.0,4.0,2.0,2.0,2.0,2.0,2.0,2.0,2.0,3.0,3.0,3.0,3.0,2.0,3,Belgium,2.7292,3.8964,2.5637,3.1482,3.1405,2.5114,2.770466666666667,3.1983,1.93975,2.1521,-0.07580166666666655,-0.6529016666666667,-0.8652516666666665,0.3932983333333335,-0.03453499999999954,-0.29360166666666654,0.33549833333333323,0.3431983333333335,-0.24130166666666675,1.0913983333333332,3.0631,2.51935,2.9996,2.1392333333333333,17.46,12.1,0.82,25.8198112249374,8.25
BE,2008,2.7155,3.8655,2.6243,2.0821,2.0245,2.2726,1.7948,2.5442,2.5123,3.192,3.0673,3.142,3.0938,2.5563,3.0,4.0,2.0,2.0,2.0,2.0,2.0,2.0,2.0,3.0,3.0,3.0,3.0,2.0,4,Belgium,2.7155,3.8655,2.6243,3.142,3.0673,2.5563,2.7495,3.0938,1.93845,2.14855,-0.07461999999999991,-0.6415699999999998,-0.8516699999999999,0.30367999999999995,-0.0406200000000001,-0.23382000000000014,0.27718,0.35187999999999997,-0.16582000000000008,1.07538,3.068433333333333,2.510825,2.96485,2.1264000000000003,20.28,12.67,0.844,25.8198112249374,6.975
BE,2010,2.6724,3.9053,2.5917,2.0635,2.0071,2.3633,1.735,2.51,2.5898,3.261,3.2297,3.1962,3.2447,2.5953,3.0,4.0,2.0,2.0,2.0,2.0,2.0,2.0,2.0,3.0,3.0,3.0,3.0,2.0,5,Belgium,2.6724,3.9053,2.5917,3.1962,3.2297,2.5953,2.7869333333333333,3.2447,1.8992499999999999,2.1852,-0.15826833333333346,-0.6454683333333335,-0.9314183333333337,0.41403166666666635,-0.0437350000000003,-0.23536833333333362,0.39903166666666623,0.3655316666666666,-0.23896833333333367,1.0746316666666664,3.0564666666666667,2.52395,3.066475,2.144633333333333,20.42,12.68,0.839,25.8198112249374,8.375
BE,2012,2.6351,3.7364,2.5845,2.0204,2.0022,2.2909,1.7534,2.3865,2.5204,3.1537,3.0544,3.0462,3.1418,2.419,3.0,4.0,2.0,2.0,2.0,2.0,2.0,2.0,2.0,3.0,3.0,3.0,3.0,2.0,6,Belgium,2.6351,3.7364,2.5845,3.0462,3.0544,2.419,2.686866666666667,3.1418,1.8869,2.1465500000000004,-0.09867166666666671,-0.5872216666666663,-0.8468716666666667,0.4080283333333332,-0.04690499999999975,-0.31477166666666667,0.32062833333333307,0.3124283333333331,-0.1492716666666669,1.0026283333333335,2.985333333333333,2.4535,2.91535,2.1045000000000003,24.56,12.96,0.837,25.8198112249374,7.633333
BE,2014,2.609,3.8567,2.5594,2.034,2.0391,2.326,1.7449,2.4394,2.5271,3.1575,3.1049,3.0866,3.1664,2.4458,2.0,4.0,2.0,2.0,2.0,2.0,2.0,2.0,2.0,3.0,3.0,3.0,3.0,2.0,7,Belgium,2.609,3.8567,2.5594,3.0866,3.1049,2.4458,2.7079999999999997,3.1664,1.8894499999999999,2.18255,-0.15188000000000024,-0.5783300000000002,-0.8714300000000004,0.40551999999999966,-0.05288000000000048,-0.31508,0.34402,0.32571999999999957,-0.2014800000000001,1.0958199999999998,3.008366666666667,2.467225,2.950925,2.1330333333333336,24.02,13.26,0.843,25.8198112249374,8.65
BE,2016,2.5646,3.7186,2.6209,1.996,2.0494,2.2484,1.7564,2.459,2.5648,3.2429,3.1104,3.0671,3.1845,2.4852,2.0,4.0,2.0,2.0,2.0,2.0,2.0,2.0,2.0,3.0,3.0,3.0,3.0,2.0,8,Belgium,2.5646,3.7186,2.6209,3.0671,3.1104,2.4852,2.7555666666666667,3.1845,1.8761999999999999,2.1489000000000003,-0.1885966666666663,-0.604296666666666,-0.8769966666666664,0.4313033333333336,0.0023700000000004273,-0.26799666666666644,0.35720333333333354,0.31390333333333365,-0.1322966666666665,0.9654033333333336,2.968033333333333,2.505775,2.9618,2.097933333333333,24.86,13.78,0.838,25.8198112249374,7.85
BE,2018,2.548,3.682,2.6151,2.0131,2.0473,2.2305,1.7701,2.4249,2.5844,3.2671,3.0676,3.0285,3.2187,2.5208,2.0,4.0,2.0,2.0,2.0,2.0,2.0,2.0,2.0,3.0,3.0,3.0,3.0,2.0,9,Belgium,2.548,3.682,2.6151,3.0285,3.0676,2.5208,2.7587999999999995,3.2187,1.8916,2.1389,-0.1989999999999994,-0.6080999999999994,-0.8553999999999995,0.4717000000000007,0.011800000000000033,-0.2261999999999995,0.32060000000000066,0.28150000000000075,-0.13189999999999946,0.9350000000000005,2.948366666666667,2.5116250000000004,2.9589,2.0969666666666664,26.66,13.67,0.837,25.8198112249374,5.958333
BE,2020,2.4494,3.7712,2.5804,1.8936,1.9319,2.1634,1.7371,2.4074,2.6045,3.3533,3.1205,3.0818,3.2787,2.5589,2.0,4.0,2.0,2.0,2.0,2.0,2.0,2.0,2.0,3.0,3.0,3.0,3.0,2.0,10,Belgium,2.4494,3.7712,2.5804,3.0818,3.1205,2.5589,2.7883999999999998,3.2787,1.81535,2.04765,-0.2998300000000005,-0.7015800000000003,-0.9338800000000003,0.5294699999999999,0.03916999999999948,-0.19033000000000033,0.37126999999999954,0.3325699999999996,-0.16883000000000026,1.0219699999999996,2.933666666666666,2.525575,3.009975,1.9963,25.58,13.99,0.828,24.8055785894394,5.541667
BE,2023,2.5229,3.7467,2.6148,1.953,1.9022,2.2435,1.7405,2.4146,2.578,3.3378,3.202,3.2034,3.3431,2.5217,2.0,4.0,2.0,2.0,2.0,2.0,2.0,2.0,2.0,3.0,3.0,3.0,3.0,2.0,11,Belgium,2.5229,3.7467,2.6148,3.2034,3.202,2.5217,2.7768,3.3431,1.8467500000000001,2.07285,-0.26219999999999954,-0.7122499999999996,-0.9383499999999994,0.5580000000000007,-0.008299999999999308,-0.2633999999999994,0.4169000000000005,0.41830000000000034,-0.17029999999999967,0.9616000000000007,2.9614666666666665,2.517725,3.0675499999999998,2.0329,23.53,13.95,0.816,25.4081040620804,5.525
CH,2002,2.3225,4.0389,2.2,2.2358,2.0397,2.0251,1.7859,2.697,3.0936,3.7819,3.3854,3.3391,3.1531,2.6277,2.0,4.0,2.0,2.0,2.0,2.0,2.0,2.0,3.0,4.0,3.0,3.0,3.0,2.0,1,Switzerland,2.3225,4.0389,2.2,3.3391,3.3854,2.6277,3.1908333333333334,3.1531,2.01085,2.0324,-0.5075783333333339,-0.7976783333333337,-0.8192283333333337,0.3230216666666661,0.3607549999999997,-0.20237833333333377,0.5553216666666665,0.5090216666666665,-0.6300783333333335,1.2088216666666662,2.8537999999999997,2.8396,3.1263250000000005,2.1001999999999996,29.26,10.84,0.839,30.474473200000002,3.1
CH,2004,2.3463,4.0415,2.271,2.1237,1.9873,2.0693,1.7135,2.6072,2.9274,3.4971,3.3087,3.3951,3.026,2.7097,2.0,4.0,2.0,2.0,2.0,2.0,2.0,2.0,3.0,3.0,3.0,3.0,3.0,3.0,2,Switzerland,2.3463,4.0415,2.271,3.3951,3.3087,2.7097,3.010566666666667,3.026,1.9186,2.0283,-0.4592766666666668,-0.7772766666666664,-0.8869766666666665,0.2204233333333332,0.20499000000000045,-0.09587666666666639,0.5031233333333334,0.5895233333333332,-0.5345766666666667,1.2359233333333335,2.8862666666666663,2.6863,3.1098749999999997,2.0601,30.13,10.71,0.843,30.474473200000002,4.4
CH,2006,2.4191,4.1177,2.1916,2.1381,1.949,2.0554,1.6873,2.5575,2.9066,3.6901,3.1993,3.3318,2.9505,2.6555,2.0,4.0,2.0,2.0,2.0,2.0,2.0,2.0,3.0,4.0,3.0,3.0,3.0,2.0,3,Switzerland,2.4191,4.1177,2.1916,3.3318,3.1993,2.6555,3.0513999999999997,2.9505,1.9127,2.0022,-0.3640800000000004,-0.78098,-0.8704800000000001,0.1673199999999997,0.26821999999999946,-0.12768000000000024,0.4161199999999998,0.5486199999999997,-0.59158,1.33452,2.909466666666667,2.710375,3.034275,2.0475,32.65,13.36,0.843,30.474473200000002,4.0
CH,2008,2.3925,3.9815,2.2065,1.9877,1.9444,2.0084,1.6715,2.6051,2.9363,3.57,3.133,3.1579,2.8679,2.597,2.0,4.0,2.0,2.0,2.0,2.0,2.0,2.0,3.0,4.0,3.0,3.0,3.0,2.0,4,Switzerland,2.3925,3.9815,2.2065,3.1579,3.133,2.597,3.0371333333333332,2.8679,1.8296000000000001,1.9764,-0.3254433333333333,-0.7415433333333334,-0.8883433333333333,0.14995666666666674,0.31918999999999986,-0.1209433333333334,0.41505666666666663,0.4399566666666668,-0.5114433333333332,1.2635566666666667,2.8601666666666667,2.695725,2.93895,1.9801666666666666,35.46,11.35,0.852,30.604861900000003,3.4
CH,2010,2.349,3.8896,2.1418,1.9304,1.8795,2.0134,1.6165,2.4977,2.7634,3.4183,3.0409,3.0837,2.7524,2.4028,2.0,4.0,2.0,2.0,2.0,2.0,2.0,2.0,2.0,3.0,3.0,3.0,3.0,2.0,5,Switzerland,2.349,3.8896,2.1418,3.0837,3.0409,2.4028,2.893133333333333,2.7524,1.77345,1.94645,-0.2783233333333337,-0.6808733333333339,-0.8538733333333339,0.12507666666666628,0.2658099999999992,-0.22452333333333385,0.41357666666666626,0.456376666666666,-0.485523333333334,1.2622766666666663,2.7934666666666668,2.573975,2.8199500000000004,1.9410999999999998,36.99,11.38,0.851,29.839459299999998,4.5
CH,2012,2.277,3.7288,2.0644,1.9134,1.9273,2.0981,1.6022,2.4576,2.7233,3.3704,2.856,2.9449,2.7245,2.2797,2.0,4.0,2.0,2.0,2.0,2.0,2.0,2.0,2.0,3.0,3.0,3.0,2.0,2.0,6,Switzerland,2.277,3.7288,2.0644,2.9449,2.856,2.2797,2.850433333333333,2.7245,1.7578,2.0127,-0.2726233333333332,-0.5369233333333332,-0.7918233333333333,0.17487666666666657,0.3008099999999998,-0.2699233333333333,0.3063766666666665,0.3952766666666667,-0.48522333333333334,1.1791766666666668,2.6900666666666666,2.5383750000000003,2.7012750000000003,1.9796000000000002,37.17,11.79,0.861,28.4980237,4.2
CH,2014,2.2114,3.7502,2.0066,1.8982,1.9182,2.0388,1.5804,2.4058,2.6986,3.3534,2.9619,3.0026,2.6825,2.3656,2.0,4.0,2.0,2.0,2.0,2.0,1.0,2.0,2.0,3.0,3.0,3.0,2.0,2.0,7,Switzerland,2.2114,3.7502,2.0066,3.0026,2.9619,2.3656,2.819266666666666,2.6825,1.7393,1.9785,-0.3403866666666664,-0.5732866666666663,-0.8124866666666661,0.1307133333333339,0.26747999999999994,-0.18618666666666606,0.4101133333333338,0.45081333333333395,-0.545186666666666,1.1984133333333338,2.6560666666666664,2.50955,2.75315,1.9517333333333333,41.12,11.06,0.861,29.7298269,4.9
CH,2016,2.242,3.7967,2.0316,1.88,2.0443,2.0587,1.6057,2.4336,2.7528,3.4907,3.0432,3.171,2.6566,2.5504,2.0,4.0,2.0,2.0,2.0,2.0,2.0,2.0,2.0,3.0,3.0,3.0,2.0,2.0,8,Switzerland,2.242,3.7967,2.0316,3.171,3.0432,2.5504,2.8923666666666663,2.6566,1.7428499999999998,2.0515,-0.37582166666666694,-0.5663216666666671,-0.8749716666666671,0.03877833333333314,0.2745449999999994,-0.06742166666666716,0.4253783333333332,0.5531783333333329,-0.5862216666666669,1.178878333333333,2.6900999999999997,2.5707,2.8552999999999997,1.9943333333333333,41.38,11.3,0.858,30.2386096,4.9
CH,2018,2.3364,3.7382,2.1655,1.903,2.0941,2.0731,1.6376,2.4647,2.6982,3.5928,3.1483,3.1388,2.8353,2.4798,2.0,4.0,2.0,2.0,2.0,2.0,2.0,2.0,2.0,4.0,3.0,3.0,3.0,2.0,9,Switzerland,2.3364,3.7382,2.1655,3.1388,3.1483,2.4798,2.918566666666667,2.8353,1.7703,2.0836,-0.3250766666666669,-0.5778766666666666,-0.8911766666666667,0.17382333333333344,0.25709000000000026,-0.1816766666666667,0.48682333333333316,0.4773233333333331,-0.4959766666666665,1.0767233333333333,2.7467,2.598325,2.90055,2.0234,45.07,11.27,0.867,31.082560599999997,4.7
CH,2020,2.2277,3.705,2.1286,1.8783,1.9478,2.0383,1.5753,2.3711,2.6689,3.4669,3.2134,3.1971,2.8433,2.5511,2.0,4.0,2.0,2.0,2.0,2.0,1.0,2.0,2.0,3.0,3.0,3.0,3.0,2.0,10,Switzerland,2.2277,3.705,2.1286,3.1971,3.2134,2.5511,2.8356333333333335,2.8433,1.7268,1.99305,-0.4144683333333328,-0.6491183333333328,-0.9153683333333329,0.20113166666666737,0.19346500000000066,-0.09106833333333286,0.5712316666666672,0.554931666666667,-0.5135683333333327,1.0628316666666673,2.6871000000000005,2.52055,2.951225,1.9547999999999999,44.19,11.52,0.856,31.9827662,5.3
CH,2023,2.3399,3.7164,2.1575,1.9679,1.9287,2.0124,1.6543,2.4444,2.7762,3.728,3.4175,3.314,2.9397,2.5322,2.0,4.0,2.0,2.0,2.0,2.0,2.0,2.0,3.0,4.0,3.0,3.0,3.0,2.0,11,Switzerland,2.3399,3.7164,2.1575,3.314,3.4175,2.5322,2.9828666666666663,2.9397,1.8111000000000002,1.97055,-0.37827166666666656,-0.7476216666666666,-0.9070716666666665,0.22152833333333355,0.2646949999999997,-0.18597166666666665,0.6993283333333333,0.5958283333333334,-0.5606716666666665,0.9982283333333335,2.7379333333333338,2.650725,3.05085,1.969666666666667,43.5,11.85,0.841,31.665652990341197,4.1
DE,2002,2.4771,4.2534,2.7287,2.2963,2.1189,2.2637,1.8309,2.8298,2.9886,3.4123,3.6207,3.0444,3.3775,2.3557,2.0,4.0,3.0,2.0,2.0,2.0,2.0,3.0,3.0,3.0,4.0,3.0,3.0,2.0,1,Germany,2.4771,4.2534,2.7287,3.0444,3.6207,2.3557,3.0769,3.3775,2.0636,2.1913,-0.44182999999999995,-0.72763,-0.8553299999999999,0.4585699999999999,0.15797000000000017,-0.5632299999999999,0.7017699999999998,0.12546999999999997,-0.19023000000000012,1.33447,3.1530666666666662,2.7654,3.099575,2.2263,13.94,12.83,0.857,28.473,8.683333
DE,2004,2.549,4.2879,2.6033,2.2758,2.2063,2.2615,1.795,2.7785,2.8678,3.3082,3.4465,3.0397,3.2988,2.4943,2.0,5.0,2.0,2.0,2.0,2.0,2.0,2.0,3.0,3.0,3.0,3.0,3.0,2.0,2,Germany,2.549,4.2879,2.6033,3.0397,3.4465,2.4943,2.984833333333333,3.2988,2.0354,2.2339,-0.3483633333333338,-0.6634633333333335,-0.8619633333333336,0.4014366666666662,0.08746999999999927,-0.4030633333333338,0.5491366666666662,0.1423366666666661,-0.2940633333333338,1.3905366666666659,3.1467333333333336,2.687375,3.069825,2.2478666666666665,14.56,12.92,0.857,28.473,10.5
DE,2006,2.5411,4.2457,2.6051,2.2802,2.1227,2.3493,1.8425,2.7747,2.9219,3.3376,3.3835,2.9612,3.2842,2.4439,2.0,5.0,2.0,2.0,2.0,2.0,2.0,3.0,3.0,3.0,3.0,3.0,3.0,2.0,3,Germany,2.5411,4.2457,2.6051,2.9612,3.3835,2.4439,3.0114,3.2842,2.06135,2.2359999999999998,-0.33624500000000035,-0.6413450000000007,-0.8159950000000005,0.4068549999999993,0.1340549999999996,-0.4334450000000003,0.5061549999999997,0.08385499999999935,-0.2722450000000003,1.3683549999999998,3.1306333333333334,2.719175,3.0182,2.2507333333333333,14.16,13.19,0.869,28.473,10.275
DE,2008,2.506,4.3241,2.5796,2.1307,2.1378,2.2072,1.7855,2.7788,2.9109,3.44,3.4348,2.9359,3.2863,2.5366,2.0,5.0,2.0,2.0,2.0,2.0,2.0,3.0,3.0,3.0,3.0,3.0,3.0,2.0,4,Germany,2.506,4.3241,2.5796,2.9359,3.4348,2.5366,3.0432333333333332,3.2863,1.9581,2.1725,-0.37171333333333356,-0.7052133333333335,-0.9196133333333334,0.4085866666666669,0.1655199999999999,-0.3411133333333334,0.5570866666666667,0.05818666666666683,-0.29811333333333323,1.4463866666666663,3.136566666666667,2.7288,3.0484,2.1585666666666667,16.76,13.63,0.869,28.473,7.425
DE,2010,2.4612,4.29,2.4544,2.0017,1.9556,2.1809,1.7123,2.6379,2.7816,3.3093,3.4313,2.9241,3.2809,2.2876,2.0,5.0,2.0,2.0,2.0,2.0,2.0,2.0,2.0,3.0,3.0,3.0,3.0,2.0,5,Germany,2.4612,4.29,2.4544,2.9241,3.4313,2.2876,2.9095999999999997,3.2809,1.857,2.06825,-0.33523499999999995,-0.7281849999999999,-0.9394349999999998,0.48446500000000015,0.11316499999999996,-0.5088349999999999,0.634865,0.12766500000000036,-0.34203499999999964,1.4935650000000003,3.0685333333333333,2.610275,2.9809749999999995,2.0460666666666665,18.31,13.14,0.862,29.049999999999997,6.575
DE,2012,2.4225,4.1797,2.3982,1.9646,1.9384,2.0933,1.6358,2.5609,2.8603,3.4657,3.2486,2.874,3.3102,2.2161,2.0,5.0,2.0,2.0,2.0,2.0,2.0,2.0,3.0,3.0,3.0,3.0,3.0,2.0,6,Germany,2.4225,4.1797,2.3982,2.874,3.2486,2.2161,2.9623000000000004,3.3102,1.8001999999999998,2.01585,-0.320265,-0.726915,-0.9425650000000001,0.5674350000000001,0.21953500000000048,-0.5266649999999999,0.5058350000000003,0.1312350000000002,-0.3445649999999998,1.4369350000000005,3.000133333333333,2.630675,2.9122250000000003,1.9987666666666666,19.1,13.81,0.867,28.88,5.083333
DE,2014,2.3694,4.288,2.4403,1.9608,1.887,2.0551,1.5993,2.5908,2.9306,3.5632,3.5901,3.0968,3.4293,2.2605,2.0,5.0,2.0,2.0,2.0,2.0,2.0,2.0,3.0,4.0,4.0,3.0,3.0,2.0,7,Germany,2.3694,4.288,2.4403,3.0968,3.5901,2.2605,3.0282,3.4293,1.7800500000000001,1.97105,-0.4559700000000002,-0.8543200000000004,-1.0453200000000002,0.6039299999999996,0.20282999999999962,-0.5648700000000004,0.7647299999999997,0.2714299999999996,-0.38507000000000025,1.4626299999999999,3.0325666666666673,2.6709750000000003,3.094175,1.9676333333333336,18.62,14.16,0.847,28.87,4.708333
DE,2016,2.3739,4.2045,2.4325,1.9774,2.0806,2.0626,1.5911,2.6368,3.0106,3.5849,3.6185,3.1238,3.466,2.3286,2.0,5.0,2.0,2.0,2.0,2.0,1.0,2.0,3.0,4.0,4.0,3.0,3.0,2.0,8,Germany,2.3739,4.2045,2.4325,3.1238,3.6185,2.3286,3.0774333333333335,3.466,1.7842500000000001,2.0716,-0.47420833333333334,-0.7765083333333331,-1.0638583333333331,0.617891666666667,0.22932500000000022,-0.5195083333333335,0.7703916666666668,0.2756916666666669,-0.41560833333333314,1.356391666666667,3.003633333333333,2.70585,3.1342250000000003,2.0402,21.07,14.26,0.85,29.441,3.9
DE,2018,2.4502,4.2296,2.4602,1.9636,2.0839,2.061,1.5868,2.6232,3.0635,3.5853,3.6556,3.1645,3.5019,2.3385,2.0,5.0,2.0,2.0,2.0,2.0,1.0,2.0,3.0,4.0,4.0,3.0,3.0,2.0,9,Germany,2.4502,4.2296,2.4602,3.1645,3.6556,2.3385,3.090666666666667,3.5019,1.7752,2.07245,-0.4236816666666665,-0.8014316666666668,-1.0986816666666668,0.6280183333333333,0.21678500000000023,-0.5353816666666669,0.7817183333333335,0.2906183333333332,-0.4136816666666667,1.355718333333333,3.046666666666667,2.7147,3.1651249999999997,2.0361666666666665,22.43,14.29,0.834,28.933999999999997,3.191667
DE,2023,2.4513,4.1492,2.4166,1.9661,1.9301,2.0596,1.5957,2.6276,2.9171,3.6442,3.7344,3.273,3.4119,2.3613,2.0,4.0,2.0,2.0,2.0,2.0,1.0,2.0,3.0,4.0,4.0,3.0,3.0,2.0,11,Germany,2.4513,4.1492,2.4166,3.273,3.7344,2.3613,3.0629666666666666,3.4119,1.7809,1.99485,-0.41234166666666683,-0.8687916666666666,-1.0827416666666667,0.5482583333333335,0.19932499999999997,-0.5023416666666667,0.8707583333333333,0.4093583333333335,-0.4470416666666668,1.2855583333333338,3.0056999999999996,2.69615,3.19515,1.9852666666666667,25.29,14.47,0.812,30.9150010347366,3.083333
ES,2002,2.4476,3.8935,2.9259,2.0432,1.8285,2.2075,1.9302,2.2264,2.2585,3.042,3.1429,3.279,2.7925,2.131,2.0,4.0,3.0,2.0,2.0,2.0,2.0,2.0,2.0,3.0,3.0,3.0,3.0,2.0,1,Spain,2.4476,3.8935,2.9259,3.279,3.1429,2.131,2.5089666666666663,2.7925,1.9867,2.018,-0.2650066666666664,-0.6946066666666666,-0.7259066666666665,0.0798933333333336,-0.20364000000000004,-0.5816066666666666,0.43029333333333364,0.5663933333333335,0.21329333333333356,1.1808933333333336,3.089,2.364275,2.83635,2.0264,5.9,10.21,0.81,31.2953889369965,11.44167
ES,2004,2.6545,4.1229,3.0568,2.1053,1.9418,2.2182,1.9016,2.4007,2.4642,3.2176,3.3125,3.4061,3.1475,2.196,2.0,4.0,3.0,2.0,2.0,2.0,2.0,2.0,2.0,3.0,3.0,3.0,3.0,2.0,2,Spain,2.6545,4.1229,3.0568,3.4061,3.3125,2.196,2.6941666666666664,3.1475,2.00345,2.08,-0.21289166666666626,-0.7873916666666663,-0.8639416666666664,0.2801083333333336,-0.17322499999999996,-0.6713916666666662,0.44510833333333366,0.5387083333333336,0.18940833333333362,1.2555083333333332,3.2780666666666662,2.496025,3.015525,2.088433333333333,9.5,11.15,0.803,31.2953889369965,10.95833
ES,2006,2.5793,4.0884,2.9769,1.8953,1.8027,2.1069,1.7515,2.3065,2.2788,2.9957,3.3614,3.5418,3.2036,1.9973,2.0,4.5,3.0,2.0,2.0,2.0,2.0,2.0,2.0,3.0,3.0,4.0,3.0,2.0,3,Spain,2.5793,4.0884,2.9769,3.5418,3.3614,1.9973,2.5269999999999997,3.2036,1.8234,1.9548,-0.22609000000000012,-0.85059,-0.9819900000000001,0.39820999999999973,-0.27839000000000036,-0.80809,0.5560100000000001,0.7364099999999998,0.17151000000000005,1.28301,3.214866666666667,2.333125,3.0260249999999997,1.9349666666666667,9.81,11.68,0.805,31.2953889369965,8.458333
ES,2008,2.5995,4.0607,3.1198,1.7681,1.7404,2.0121,1.7146,2.2386,2.1529,2.6701,3.4071,3.6716,3.3118,2.0012,2.0,4.0,3.0,2.0,2.0,2.0,2.0,2.0,2.0,2.0,3.0,4.0,3.0,2.0,4,Spain,2.5995,4.0607,3.1198,3.6716,3.4071,2.0012,2.3538666666666668,3.3118,1.74135,1.8762500000000002,-0.2148166666666671,-0.9380666666666668,-1.072966666666667,0.49748333333333283,-0.46045000000000025,-0.8131166666666672,0.5927833333333328,0.8572833333333332,0.3054833333333331,1.2463833333333327,3.26,2.19405,3.097925,1.8402,10.48,10.88,0.817,32.6559543609619,11.26667
ES,2010,2.4439,3.9756,3.1072,1.7386,1.636,2.0967,1.7259,2.2371,2.3053,3.0381,3.4157,3.4614,3.5247,1.977,2.0,4.0,3.0,2.0,2.0,2.0,2.0,2.0,2.0,3.0,3.0,3.0,4.0,2.0,5,Spain,2.4439,3.9756,3.1072,3.4614,3.4157,1.977,2.5268333333333333,3.5247,1.73225,1.8663499999999997,-0.35919333333333325,-0.9367433333333337,-1.0708433333333334,0.7216066666666667,-0.27626000000000017,-0.8260933333333333,0.6126066666666667,0.6583066666666664,0.30410666666666675,1.1725066666666666,3.1755666666666666,2.3266,3.0947000000000005,1.8237666666666665,11.99,12.43,0.822,33.8817834854126,19.875
ES,2012,2.3744,4.0719,3.0122,1.7062,1.645,1.9915,1.7336,1.9176,2.2272,3.2246,3.2356,3.4526,3.4191,2.0441,2.0,4.0,3.0,2.0,2.0,2.0,2.0,2.0,2.0,3.0,3.0,3.0,3.0,2.0,6,Spain,2.3744,4.0719,3.0122,3.4526,3.2356,2.0441,2.456466666666667,3.4191,1.7199,1.81825,-0.38605166666666646,-0.9422016666666666,-1.0405516666666665,0.6586483333333333,-0.3039849999999995,-0.7163516666666667,0.4751483333333333,0.6921483333333334,0.25174833333333346,1.3114483333333338,3.1528333333333336,2.27575,3.03785,1.7809,13.29,12.48,0.805,33.3998173475266,24.79167
ES,2014,2.4029,4.0263,3.0205,1.6621,1.6217,2.0722,1.7243,1.9314,2.2529,3.2638,3.4514,3.4469,3.4971,1.9416,2.0,4.0,3.0,2.0,1.0,2.0,2.0,2.0,2.0,3.0,3.0,3.0,4.0,2.0,7,Spain,2.4029,4.0263,3.0205,3.4469,3.4514,1.9416,2.4827,3.4971,1.6932,1.84695,-0.37805500000000025,-0.934005,-1.087755,0.716145,-0.29825500000000016,-0.8393550000000001,0.670445,0.6659449999999998,0.23954500000000012,1.245345,3.1499,2.2931,3.08425,1.7853333333333332,10.91,12.73,0.776,34.3495577573776,24.45
ES,2016,2.3456,3.9674,3.0737,1.6783,1.6594,2.0534,1.7252,1.9695,2.369,3.2791,3.5233,3.5681,3.5754,2.0239,2.0,4.0,3.0,2.0,2.0,2.0,2.0,2.0,2.0,3.0,4.0,4.0,4.0,2.0,8,Spain,2.3456,3.9674,3.0737,3.5681,3.5233,2.0239,2.5392,3.5754,1.70175,1.8563999999999998,-0.47187500000000027,-0.9610750000000006,-1.1157250000000003,0.7579249999999997,-0.27827500000000027,-0.7935750000000006,0.7058249999999995,0.7506249999999994,0.2562249999999997,1.1499249999999996,3.1289000000000002,2.3357,3.172675,1.7970333333333333,12.82,12.8,0.767,34.0585321187973,19.65
ES,2018,2.4852,3.973,2.9249,1.7319,1.8453,2.0614,1.818,2.0423,2.4129,3.1437,3.4908,3.529,3.5083,2.0842,2.0,4.0,3.0,2.0,2.0,2.0,2.0,2.0,2.0,3.0,3.0,3.0,4.0,2.0,9,Spain,2.4852,3.973,2.9249,3.529,3.4908,2.0842,2.5329666666666664,3.5083,1.77495,1.95335,-0.3404666666666669,-0.8723166666666669,-1.0507166666666667,0.6826333333333334,-0.2927000000000004,-0.7414666666666667,0.6651333333333334,0.7033333333333331,0.09923333333333328,1.147333333333333,3.1276999999999995,2.354225,3.1530750000000003,1.8795333333333335,15.71,13.2,0.776,33.0490529537201,15.26667
ES,2023,2.3714,4.0845,2.9193,1.6819,1.6447,2.0393,1.7418,1.9924,2.4943,3.4462,3.661,3.5921,3.7052,2.1746,2.0,4.0,3.0,2.0,1.0,2.0,2.0,2.0,2.0,3.0,4.0,4.0,4.0,2.0,11,Spain,2.3714,4.0845,2.9193,3.5921,3.661,2.1746,2.6443,3.7052,1.71185,1.842,-0.4992249999999996,-1.0286249999999995,-1.1587749999999994,0.8345750000000005,-0.22632499999999967,-0.6960249999999997,0.7903750000000005,0.7214750000000003,0.048675000000000246,1.2138750000000007,3.1250666666666667,2.4186750000000004,3.283225,1.7886333333333333,19.2,14.49,0.763,31.2432140111923,12.19167
FI,2002,2.6482,3.8441,3.0823,2.4943,2.0349,2.3363,1.9219,3.1507,2.7899,2.8359,3.6891,3.5301,3.8584,2.3773,3.0,4.0,3.0,2.0,2.0,2.0,2.0,3.0,3.0,3.0,4.0,3.0,4.0,2.0,1,Finland,2.6482,3.8441,3.0823,3.5301,3.6891,2.3773,2.9255,3.8584,2.2081,2.1856,-0.38667000000000007,-0.8492700000000002,-0.8267700000000002,0.8235299999999999,-0.10937000000000019,-0.6575700000000002,0.6542299999999996,0.49522999999999984,0.04742999999999986,0.8092299999999999,3.1915333333333336,2.6746,3.363725,2.2884999999999995,5.3,11.96,0.832,25.768244499999998,9.075
FI,2004,2.6983,3.9068,3.113,2.4744,2.0713,2.3647,1.9498,3.0465,2.86,2.8639,3.7392,3.5367,3.8655,2.4233,3.0,4.0,3.0,2.0,2.0,2.0,2.0,3.0,3.0,3.0,4.0,3.0,4.0,2.0,2,Finland,2.6983,3.9068,3.113,3.5367,3.7392,2.4233,2.9234666666666667,3.8655,2.2121,2.218,-0.3653366666666664,-0.8456366666666666,-0.8515366666666666,0.8018633333333334,-0.1401699999999999,-0.6403366666666668,0.6755633333333333,0.4730633333333336,0.049363333333333426,0.8431633333333335,3.2393666666666667,2.6800499999999996,3.391175,2.3034666666666666,4.1,12.29,0.834,26.5586149,8.825
FI,2006,2.7161,3.9398,3.0934,2.3927,2.0368,2.2994,1.9313,2.983,2.8317,2.899,3.7536,3.5678,3.8329,2.4368,3.0,4.0,3.0,2.0,2.0,2.0,2.0,3.0,3.0,3.0,4.0,3.0,4.0,2.0,3,Finland,2.7161,3.9398,3.0934,3.5678,3.7536,2.4368,2.904566666666667,3.8329,2.162,2.1681,-0.3414066666666664,-0.8894066666666665,-0.8955066666666665,0.7753933333333336,-0.1529399999999992,-0.6207066666666665,0.6960933333333337,0.5102933333333337,0.035893333333333555,0.8822933333333336,3.2497666666666665,2.66125,3.397775,2.2429666666666663,4.22,12.41,0.837,26.751808399999998,7.716667
FI,2008,2.7428,3.9007,3.0751,2.3137,2.0289,2.3121,1.9307,3.0179,2.795,2.991,3.8124,3.5387,3.8556,2.4921,3.0,4.0,3.0,2.0,2.0,2.0,2.0,3.0,3.0,3.0,4.0,4.0,4.0,2.0,4,Finland,2.7428,3.9007,3.0751,3.5387,3.8124,2.4921,2.9346333333333328,3.8556,2.1222,2.1705,-0.32167333333333303,-0.8939733333333328,-0.9422733333333331,0.791126666666667,-0.12984000000000018,-0.5723733333333327,0.7479266666666669,0.474226666666667,0.010626666666667006,0.8362266666666671,3.2395333333333327,2.68365,3.4247,2.2182333333333335,3.92,12.85,0.843,26.432819400000003,6.366667
FI,2010,2.6098,3.7008,3.0073,2.3502,2.0872,2.3984,1.9195,3.0851,2.7682,2.9848,3.703,3.4788,3.6458,2.3919,2.0,4.0,3.0,2.0,2.0,2.0,2.0,3.0,3.0,3.0,4.0,3.0,4.0,2.0,5,Finland,2.6098,3.7008,3.0073,3.4788,3.703,2.3919,2.9460333333333337,3.6458,2.13485,2.2428,-0.3763083333333337,-0.7433083333333337,-0.8512583333333335,0.6596916666666663,-0.04007499999999986,-0.5942083333333334,0.7168916666666663,0.49269166666666653,0.021191666666666276,0.7146916666666665,3.1059666666666668,2.6894,3.304875,2.2786000000000004,5.59,12.94,0.843,26.379935,8.541667
FI,2012,2.638,3.8744,2.9524,2.1295,1.9857,2.1597,1.7818,2.8562,2.85,3.018,3.7178,3.4817,3.8111,2.4627,3.0,4.0,3.0,2.0,2.0,2.0,2.0,3.0,3.0,3.0,4.0,3.0,4.0,2.0,6,Finland,2.638,3.8744,2.9524,3.4817,3.7178,2.4627,2.9080666666666666,3.8111,1.95565,2.0727,-0.34945166666666694,-0.9147516666666666,-1.0318016666666667,0.8236483333333333,-0.07938500000000026,-0.524751666666667,0.7303483333333332,0.4942483333333332,-0.035051666666666925,0.8869483333333332,3.1549333333333336,2.6265,3.368325,2.0916333333333332,5.92,13.18,0.844,25.9831388,7.808333
FI,2014,2.5534,3.8905,2.9961,2.1119,1.9474,2.1102,1.7957,2.9654,2.8467,3.0181,3.8359,3.614,3.8152,2.5066,2.0,4.0,3.0,2.0,2.0,2.0,2.0,3.0,3.0,3.0,4.0,4.0,4.0,2.0,7,Finland,2.5534,3.8905,2.9961,3.614,3.8359,2.5066,2.9434,3.8152,1.9538,2.0288,-0.46037000000000017,-0.9849700000000001,-1.05997,0.8014299999999999,-0.07037000000000004,-0.5071699999999999,0.82213,0.6002299999999998,-0.017669999999999852,0.8767299999999998,3.1466666666666665,2.656475,3.4429250000000002,2.0565,6.61,13.42,0.856,25.735000000000003,8.75
FI,2016,2.5733,3.8787,2.9911,2.0891,2.0903,2.0777,1.731,2.8487,2.937,3.0619,3.9427,3.6484,3.9183,2.5801,2.0,4.0,3.0,2.0,2.0,2.0,2.0,3.0,3.0,3.0,4.0,4.0,4.0,2.0,8,Finland,2.5733,3.8787,2.9911,3.6484,3.9427,2.5801,2.9492,3.9183,1.91005,2.084,-0.4742849999999992,-0.9635849999999992,-1.1375349999999993,0.8707150000000006,-0.0983849999999995,-0.4674849999999995,0.8951150000000005,0.6008150000000008,-0.05648499999999945,0.8311150000000005,3.1477,2.64465,3.522375,2.0857,5.82,13.79,0.829,25.878,8.916667
FI,2018,2.701,3.8866,2.9129,1.9592,2.0104,2.0058,1.6797,2.9187,2.9021,2.9821,3.9591,3.6659,3.9751,2.4441,3.0,4.0,3.0,2.0,2.0,2.0,2.0,3.0,3.0,3.0,4.0,4.0,4.0,2.0,9,Finland,2.701,3.8866,2.9129,3.6659,3.9591,2.4441,2.9343,3.9751,1.81945,2.0080999999999998,-0.32965500000000025,-1.0225550000000005,-1.2112050000000003,0.9444449999999995,-0.09635500000000041,-0.5865550000000002,0.9284449999999995,0.6352449999999998,-0.11775500000000028,0.8559449999999997,3.1668333333333334,2.62065,3.51105,1.9918000000000002,6.84,14.05,0.846,26.886,7.433333
FI,2020,2.6761,3.9141,3.0927,1.9885,1.9547,2.048,1.7673,2.957,2.8845,3.1436,3.938,3.7036,3.9454,2.4827,3.0,4.0,3.0,2.0,2.0,2.0,2.0,3.0,3.0,3.0,4.0,4.0,4.0,2.0,10,Finland,2.6761,3.9141,3.0927,3.7036,3.938,2.4827,2.995033333333333,3.9454,1.8779,2.00135,-0.38658833333333353,-1.0613383333333335,-1.1847883333333336,0.8827116666666663,-0.06765500000000024,-0.5799883333333336,0.8753116666666667,0.6409116666666663,0.030011666666666326,0.8514116666666665,3.2276333333333334,2.6881,3.517425,1.9970666666666668,5.96,14.49,0.842,26.5,7.725
FI,2023,2.611,3.8886,2.8758,2.0779,1.9104,2.0688,1.78,3.0046,2.8327,3.1209,3.875,3.6584,3.975,2.3853,2.0,4.0,3.0,2.0,2.0,2.0,2.0,3.0,3.0,3.0,4.0,4.0,4.0,2.0,11,Finland,2.611,3.8886,2.8758,3.6584,3.875,2.3853,2.9860666666666664,3.975,1.92895,1.9896,-0.40637166666666635,-1.0277716666666665,-1.0884216666666666,0.9576283333333335,-0.03130500000000014,-0.6320716666666666,0.8576283333333334,0.6410283333333333,-0.14157166666666665,0.8712283333333333,3.125133333333333,2.6845499999999998,3.4734249999999998,2.0190333333333332,7.29,14.56,0.825,26.8999993801117,7.216667
FR,2002,2.4124,4.0602,2.3189,2.4219,1.8136,2.2776,1.9374,2.4572,2.6208,3.5755,3.4322,3.9173,3.4715,2.4867,2.0,4.0,2.0,2.0,1.0,2.0,2.0,2.0,2.0,4.0,4.0,4.0,4.0,2.0,1,France,2.4124,4.0602,2.3189,3.9173,3.4322,2.4867,2.8844999999999996,3.4715,2.17965,2.0456000000000003,-0.5084949999999995,-0.875294999999999,-0.7412449999999993,0.5506050000000005,-0.03639499999999973,-0.43419499999999944,0.5113050000000006,0.9964050000000007,-0.6019949999999992,1.1393050000000007,2.9305,2.647725,3.326925,2.1710333333333334,22.16,11.94,0.798,27.800000000000004,8.633333
FR,2004,2.339,4.1051,2.3887,2.4412,1.7267,2.3124,1.9396,2.4841,2.6215,3.4797,3.5256,4.0613,3.5668,2.4709,2.0,4.0,2.0,2.0,1.0,2.0,2.0,2.0,3.0,3.0,4.0,4.0,4.0,2.0,2,France,2.339,4.1051,2.3887,4.0613,3.5256,2.4709,2.8617666666666666,3.5668,2.1904,2.0195499999999997,-0.6139116666666666,-0.9333616666666669,-0.7625116666666667,0.6138883333333336,-0.09114500000000003,-0.4820116666666667,0.5726883333333332,1.1083883333333335,-0.5642116666666666,1.1521883333333336,2.944266666666667,2.631225,3.4061500000000002,2.1601,17.94,11.51,0.797,27.800000000000004,8.875
FR,2006,2.7106,4.3317,2.3836,2.4503,1.7769,2.264,1.8896,2.3958,2.7124,3.8772,3.5577,4.1802,3.6228,2.6237,3.0,5.0,2.0,2.0,1.0,2.0,2.0,2.0,3.0,4.0,4.0,4.0,4.0,2.0,3,France,2.7106,4.3317,2.3836,4.1802,3.5577,2.6237,2.9951333333333334,3.6228,2.16995,2.02045,-0.3489833333333334,-1.0391333333333335,-0.8896333333333333,0.5632166666666665,-0.0644499999999999,-0.4358833333333334,0.49811666666666676,1.1206166666666668,-0.6759833333333334,1.2721166666666663,3.1419666666666664,2.71875,3.4960999999999998,2.163733333333333,20.34,12.47,0.797,27.800000000000004,8.85
FR,2008,2.6354,4.3144,2.319,2.3456,1.8596,2.2862,1.8963,2.4675,2.698,3.9075,3.4157,3.9971,3.653,2.6846,3.0,5.0,2.0,2.0,2.0,2.0,2.0,2.0,2.0,4.0,4.0,4.0,4.0,2.0,4,France,2.6354,4.3144,2.319,3.9971,3.4157,2.6846,3.0243333333333333,3.653,2.12095,2.0728999999999997,-0.388338333333333,-0.9508383333333335,-0.9027883333333331,0.6292616666666668,0.0005950000000001232,-0.3391383333333331,0.391961666666667,0.9733616666666669,-0.7047383333333332,1.2906616666666668,3.0895999999999995,2.742325,3.4376,2.1637999999999997,18.86,12.57,0.814,27.800000000000004,7.441667
FR,2010,2.6169,4.2681,2.3449,2.3519,1.8248,2.3809,1.8979,2.3943,2.7436,3.9749,3.48,4.1255,3.6998,2.6817,2.0,5.0,2.0,2.0,1.0,2.0,2.0,2.0,3.0,4.0,4.0,4.0,4.0,2.0,5,France,2.6169,4.2681,2.3449,4.1255,3.48,2.6817,3.0376,3.6998,2.1249000000000002,2.10285,-0.43132499999999974,-0.9453749999999994,-0.9233249999999993,0.6515750000000007,-0.010624999999999662,-0.3665249999999993,0.43177500000000046,1.0772750000000002,-0.7033249999999995,1.219875,3.0766333333333336,2.752675,3.4967499999999996,2.185866666666667,20.72,12.35,0.814,27.800000000000004,9.283334
FR,2012,2.6462,4.2057,2.3692,2.2845,1.8495,2.297,1.9023,2.394,2.6519,3.9539,3.4642,4.0036,3.6824,2.3862,3.0,5.0,2.0,2.0,2.0,2.0,2.0,2.0,2.0,4.0,4.0,4.0,4.0,2.0,6,France,2.6462,4.2057,2.3692,4.0036,3.4642,2.3862,2.9999333333333333,3.6824,2.0934,2.07325,-0.34620833333333323,-0.9191583333333333,-0.8990083333333332,0.6899916666666668,0.007525000000000226,-0.606208333333333,0.47179166666666683,1.0111916666666665,-0.6232083333333329,1.213291666666667,3.0737,2.725525,3.3841,2.143666666666667,23.02,12.36,0.818,27.800000000000004,9.758333
FR,2014,2.5084,4.2154,2.4041,2.3648,1.8507,2.3272,1.9166,2.3813,2.6926,3.8449,3.5034,4.1091,3.6518,2.538,2.0,5.0,2.0,2.0,2.0,2.0,2.0,2.0,2.0,4.0,4.0,4.0,4.0,2.0,7,France,2.5084,4.2154,2.4041,4.1091,3.5034,2.538,2.972933333333333,3.6518,2.1407,2.08895,-0.5048783333333331,-0.924328333333333,-0.8725783333333332,0.6385216666666671,-0.04034499999999985,-0.47527833333333325,0.490121666666667,1.0958216666666667,-0.6091783333333329,1.2021216666666668,3.0426333333333333,2.70885,3.450575,2.1809,25.14,12.82,0.82,27.800000000000004,10.26667
FR,2016,2.5429,4.2618,2.4063,2.2307,1.9587,2.3236,1.8718,2.3738,2.5937,4.0279,3.6646,4.2206,3.8369,2.468,2.0,5.0,2.0,2.0,2.0,2.0,2.0,2.0,2.0,4.0,4.0,5.0,4.0,2.0,8,France,2.5429,4.2618,2.4063,4.2206,3.6646,2.468,2.998466666666667,3.8369,2.05125,2.14115,-0.5162966666666673,-0.9180466666666671,-1.0079466666666672,0.7777033333333327,-0.060730000000000395,-0.5911966666666673,0.6054033333333328,1.161403333333333,-0.6528966666666673,1.2026033333333328,3.0703333333333336,2.7168,3.5475250000000003,2.171,22.27,12.41,0.813,27.800000000000004,10.05833
FR,2018,2.6207,4.206,2.372,2.1788,1.8646,2.2741,1.838,2.3382,2.6616,4.0432,3.6458,4.2101,3.6925,2.5391,2.0,5.0,2.0,2.0,2.0,2.0,2.0,2.0,2.0,4.0,4.0,5.0,4.0,2.0,9,France,2.6207,4.206,2.372,4.2101,3.6458,2.5391,3.014333333333333,3.6925,2.0084,2.06935,-0.4171283333333333,-0.9684783333333331,-1.0294283333333332,0.6546716666666668,-0.023495000000000044,-0.4987283333333332,0.6079716666666668,1.1722716666666666,-0.6658283333333332,1.1681716666666673,3.0662333333333334,2.72025,3.521875,2.1058333333333334,23.43,13.12,0.797,27.800000000000004,9.016666
FR,2020,2.6125,4.169,2.2882,2.0992,1.823,2.2149,1.7945,2.2175,2.6764,3.9783,3.6215,4.2481,3.6943,2.5387,2.0,5.0,2.0,2.0,1.0,2.0,2.0,2.0,2.0,4.0,4.0,5.0,4.0,2.0,10,France,2.6125,4.169,2.2882,4.2481,3.6215,2.5387,2.9574,3.6943,1.94685,2.0189500000000002,-0.3970500000000001,-0.9905999999999997,-1.0627,0.6847500000000002,-0.05215000000000014,-0.47085,0.6119500000000002,1.23855,-0.7213500000000002,1.1594499999999996,3.023233333333333,2.6666749999999997,3.52565,2.0457,23.87,13.36,0.789,27.800000000000004,8.033334
FR,2023,2.5844,4.1049,2.2665,2.2361,1.7948,2.2276,1.8697,2.2458,2.6258,3.8159,3.7005,4.184,3.7447,2.4564,2.0,4.0,2.0,2.0,1.0,2.0,2.0,2.0,2.0,4.0,4.0,5.0,4.0,2.0,11,France,2.5844,4.1049,2.2665,4.184,3.7005,2.4564,2.8958333333333335,3.7447,2.0529,2.0111999999999997,-0.41573333333333373,-0.9889333333333341,-0.9472333333333336,0.7445666666666662,-0.10430000000000028,-0.5437333333333338,0.7003666666666661,1.1838666666666664,-0.7336333333333336,1.104766666666666,2.9852666666666665,2.6393,3.5214000000000003,2.0861666666666667,21.68,13.18,0.81,29.899999499321,7.35
HU,2002,2.4796,4.1898,2.7899,2.4029,2.2139,2.4588,1.9883,2.4801,2.3765,3.4505,2.6818,3.0165,3.183,1.9994,2.0,4.0,3.0,2.0,2.0,2.0,2.0,2.0,2.0,3.0,2.0,3.0,3.0,2.0,1,Hungary,2.4796,4.1898,2.7899,3.0165,2.6818,1.9994,2.7690333333333332,3.183,2.1955999999999998,2.3363500000000004,-0.2844983333333331,-0.42774833333333273,-0.5684983333333333,0.4189016666666667,0.004935000000000134,-0.764698333333333,-0.08229833333333314,0.2524016666666671,0.025801666666666723,1.4257016666666669,3.1531,2.57385,2.720175,2.3585333333333334,6.94,11.65,0.757,27.949315309524497,5.583333
HU,2004,2.3737,4.171,2.6468,2.2644,2.0116,2.417,1.8078,2.414,2.3212,3.4647,2.6085,2.9746,3.1271,2.0096,2.0,4.0,2.0,2.0,2.0,2.0,2.0,2.0,2.0,3.0,2.0,3.0,3.0,2.0,2,Hungary,2.3737,4.171,2.6468,2.9746,2.6085,2.0096,2.7333,3.1271,2.0361000000000002,2.2142999999999997,-0.31579999999999986,-0.47520000000000007,-0.6533999999999995,0.4376000000000002,0.04380000000000006,-0.6799,-0.08099999999999996,0.28510000000000035,-0.04269999999999996,1.4815000000000005,3.0638333333333336,2.501925,2.67995,2.231,6.54,11.21,0.762,27.949315309524497,6.066667
HU,2006,2.5783,4.3329,2.5759,2.3114,2.0724,2.5324,1.8027,2.4935,2.4238,3.6801,2.7199,3.0857,3.0672,1.9446,2.0,5.0,2.0,2.0,2.0,2.0,2.0,2.0,2.0,4.0,2.0,3.0,3.0,2.0,3,Hungary,2.5783,4.3329,2.5759,3.0857,2.7199,1.9446,2.8658,3.0672,2.05705,2.3024,-0.17467500000000014,-0.45057500000000017,-0.6959250000000003,0.314225,0.11282499999999995,-0.8083750000000001,-0.03307500000000019,0.33272499999999994,-0.17707500000000032,1.5799250000000002,3.162366666666667,2.600025,2.70435,2.3054,6.65,11.74,0.744,26.408010721206697,7.458333
HU,2008,2.5511,4.1606,2.6332,2.3109,2.1971,2.601,1.9122,2.6534,2.5206,3.6165,2.6895,3.007,3.1021,1.9944,2.0,5.0,3.0,2.0,2.0,3.0,2.0,3.0,2.0,4.0,2.0,3.0,3.0,2.0,4,Hungary,2.5511,4.1606,2.6332,3.007,2.6895,1.9944,2.9301666666666666,3.1021,2.1115500000000003,2.39905,-0.20676666666666677,-0.3588166666666668,-0.6463166666666664,0.3442333333333334,0.1722999999999999,-0.7634666666666667,-0.06836666666666691,0.24913333333333343,-0.1246666666666667,1.402733333333333,3.114966666666666,2.675675,2.6982500000000003,2.369666666666667,5.89,12.28,0.767,24.6494635939598,7.8
HU,2010,2.3984,3.9607,2.4613,2.25,1.9297,2.5142,1.8099,2.5662,2.3435,3.4673,2.5135,2.8832,2.9748,1.8687,2.0,4.0,2.0,2.0,2.0,2.0,2.0,2.0,2.0,3.0,2.0,3.0,3.0,2.0,5,Hungary,2.3984,3.9607,2.4613,2.8832,2.5135,1.8687,2.7923333333333336,2.9748,2.02995,2.22195,-0.21208333333333318,-0.3885333333333332,-0.5805333333333333,0.36431666666666684,0.1818500000000003,-0.7417833333333332,-0.0969833333333332,0.2727166666666667,-0.14918333333333322,1.3502166666666668,2.9401333333333333,2.546725,2.5600500000000004,2.2313000000000005,5.7,12.71,0.676,26.6166508197784,10.8
HU,2012,2.4921,3.7011,2.5961,2.1967,1.9145,2.4668,1.8529,2.6214,2.4621,3.1596,2.4246,2.762,2.8247,1.9725,2.0,4.0,2.0,2.0,2.0,2.0,2.0,2.0,2.0,3.0,2.0,3.0,3.0,2.0,6,Hungary,2.4921,3.7011,2.5961,2.762,2.4246,1.9725,2.7477,2.8247,2.0248,2.19065,-0.08152500000000007,-0.38297500000000007,-0.5488250000000003,0.2510749999999997,0.17407499999999976,-0.6011250000000004,-0.1490250000000004,0.18837499999999974,0.02247499999999958,1.1274749999999996,2.929766666666667,2.524,2.49595,2.1926666666666668,3.77,12.37,0.619,27.9470711946487,10.58333
HU,2014,2.5906,3.792,2.5115,2.2826,2.0223,2.5743,1.8533,2.5758,2.3785,3.295,2.6147,2.911,2.7564,2.0198,2.0,4.0,2.0,2.0,2.0,2.0,2.0,2.0,2.0,3.0,2.0,3.0,3.0,2.0,7,Hungary,2.5906,3.792,2.5115,2.911,2.6147,2.0198,2.7497666666666665,2.7564,2.0679499999999997,2.2983000000000002,-0.04060166666666687,-0.33290166666666643,-0.5632516666666669,0.12519833333333352,0.11856499999999981,-0.6114016666666666,-0.016501666666666637,0.27979833333333337,-0.11970166666666682,1.1607983333333332,2.9647,2.5256499999999997,2.575475,2.293066666666667,4.24,12.19,0.518,28.1071722507477,7.458333
HU,2016,2.4652,3.4797,2.4012,2.2176,2.2384,2.4784,1.8669,2.5714,2.3779,3.3198,2.4914,2.7742,2.6066,2.068,2.0,3.0,2.0,2.0,2.0,2.0,2.0,2.0,2.0,3.0,2.0,3.0,2.0,2.0,8,Hungary,2.4652,3.4797,2.4012,2.7742,2.4914,2.068,2.7563666666666666,2.6066,2.04225,2.3584,-0.07913166666666704,-0.18593166666666683,-0.5020816666666668,0.062268333333332926,0.21203499999999975,-0.4763316666666668,-0.05293166666666682,0.22986833333333312,-0.1431316666666671,0.9353683333333329,2.782033333333333,2.534,2.4850499999999998,2.3114666666666666,3.9,11.96,0.471,28.0844539403915,4.883333
HU,2018,2.5828,4.0152,2.8711,2.6215,2.5727,2.8401,2.1964,2.9048,2.6953,3.5021,2.8862,3.1126,3.0893,2.4725,2.0,4.0,3.0,2.0,2.0,3.0,2.0,3.0,3.0,3.0,3.0,3.0,3.0,2.0,9,Hungary,2.5828,4.0152,2.8711,3.1126,2.8862,2.4725,3.0340666666666665,3.0893,2.40895,2.7064000000000004,-0.33511166666666625,-0.2115116666666661,-0.5089616666666665,0.1713883333333337,0.11615500000000001,-0.4454116666666663,-0.03171166666666636,0.19468833333333357,-0.04681166666666625,1.0972883333333336,3.156366666666667,2.82465,2.89015,2.6781,3.43,12.29,0.373,27.9661545076841,3.491667
HU,2020,2.6441,3.7401,2.7445,2.4386,2.3066,2.5864,2.1038,2.7257,2.4774,3.1482,2.8011,2.9889,3.0006,2.2465,2.0,4.0,3.0,2.0,2.0,2.0,2.0,3.0,2.0,3.0,3.0,3.0,3.0,2.0,10,Hungary,2.6441,3.7401,2.7445,2.9889,2.8011,2.2465,2.7837666666666667,3.0006,2.2712000000000003,2.4465,-0.1226266666666671,-0.3202266666666671,-0.49552666666666667,0.23387333333333293,0.017039999999999722,-0.5202266666666668,0.03437333333333292,0.2221733333333331,-0.02222666666666706,0.973373333333333,3.0429,2.6137749999999995,2.7592749999999997,2.4438666666666666,4.0,12.19,0.358,28.0475705862045,4.125
HU,2023,2.6141,3.666,2.6742,2.4667,2.2282,2.561,2.0757,2.6168,2.3321,3.0739,2.6562,2.849,2.8333,2.1845,2.0,4.0,3.0,2.0,2.0,2.0,2.0,2.0,2.0,3.0,2.0,3.0,3.0,2.0,11,Hungary,2.6141,3.666,2.6742,2.849,2.6562,2.1845,2.6742666666666666,2.8333,2.2712,2.3946,-0.06763666666666657,-0.2871366666666666,-0.41053666666666677,0.15156333333333327,-0.007470000000000088,-0.49723666666666677,-0.02553666666666654,0.16726333333333354,-0.007536666666666747,0.9842633333333333,2.984766666666667,2.524625,2.63075,2.4186333333333336,4.72,12.05,0.323,29.4123021609409,4.083333
IE,2002,2.5167,3.8756,3.5152,2.2334,1.9833,2.3562,2.0728,2.7194,2.6892,2.9713,2.99,3.2992,3.2655,2.2225,2.0,4.0,4.0,2.0,2.0,2.0,2.0,2.0,2.0,3.0,3.0,3.0,3.0,2.0,1,Ireland,2.5167,3.8756,3.5152,3.2992,2.99,2.2225,2.7933,3.2655,2.1531000000000002,2.16975,-0.3633849999999996,-0.7103349999999997,-0.7269849999999995,0.38541500000000006,-0.08678499999999989,-0.6575849999999996,0.10991500000000043,0.4191150000000001,0.6351150000000003,0.9955150000000001,3.3025,2.6131749999999996,2.9443,2.1909666666666667,10.7,12.99,0.811,31.1,4.725
IE,2004,2.5734,3.8445,3.5106,2.0517,1.8506,2.3784,1.9038,2.5511,2.3883,2.9299,3.0008,3.3702,3.2631,2.2589,2.0,4.0,4.0,2.0,2.0,2.0,2.0,2.0,2.0,3.0,3.0,3.0,3.0,2.0,2,Ireland,2.5734,3.8445,3.5106,3.3702,3.0008,2.2589,2.6231,3.2631,1.97775,2.1145,-0.2802849999999997,-0.7391849999999995,-0.8759349999999997,0.40941500000000053,-0.2305849999999996,-0.5947849999999995,0.14711500000000033,0.5165150000000005,0.6569150000000006,0.9908150000000004,3.3095,2.443275,2.97325,2.0935666666666664,9.76,12.54,0.811,31.8,4.741667
IE,2006,2.5106,3.7628,3.5536,2.1823,1.9909,2.4151,2.0465,2.6608,2.6536,3.2155,3.0853,3.3177,3.3032,2.2937,2.0,4.0,4.0,2.0,2.0,2.0,2.0,2.0,2.0,3.0,3.0,3.0,3.0,2.0,3,Ireland,2.5106,3.7628,3.5536,3.3177,3.0853,2.2937,2.8432999999999997,3.3032,2.1144,2.203,-0.3881599999999992,-0.6957599999999995,-0.7843599999999995,0.4044400000000006,-0.05545999999999962,-0.6050599999999995,0.18654000000000082,0.41894000000000053,0.6548400000000005,0.8640400000000006,3.2756666666666665,2.6441,2.999975,2.1961,17.0,12.72,0.811,32.4,4.791667
IE,2008,2.3174,3.72,3.4679,1.9546,1.879,2.1595,1.9143,2.4641,2.5122,3.1027,2.8198,3.1931,3.1312,2.2839,2.0,4.0,4.0,2.0,2.0,2.0,2.0,2.0,2.0,3.0,3.0,3.0,3.0,2.0,4,Ireland,2.3174,3.72,3.4679,3.1931,2.8198,2.2839,2.693,3.1312,1.93445,2.01925,-0.4405999999999999,-0.73875,-0.82355,0.3732000000000002,-0.06499999999999995,-0.47409999999999997,0.061799999999999855,0.4350999999999998,0.7099000000000002,0.9620000000000002,3.168433333333333,2.498325,2.857,1.9977,19.5,14.03,0.828,30.7,6.791667
IE,2010,2.5314,3.5298,3.3364,2.1703,2.1027,2.4146,2.105,2.6692,2.604,3.0146,2.8802,3.1532,2.9888,2.4338,2.0,4.0,3.0,2.0,2.0,2.0,2.0,2.0,2.0,3.0,3.0,3.0,3.0,2.0,5,Ireland,2.5314,3.5298,3.3364,3.1532,2.8802,2.4338,2.7626000000000004,2.9888,2.13765,2.2586500000000003,-0.26985000000000037,-0.5426000000000002,-0.6636000000000006,0.18754999999999944,-0.03865000000000007,-0.3674500000000003,0.07894999999999941,0.35194999999999954,0.5351499999999993,0.7285499999999994,3.132533333333333,2.5982000000000003,2.864,2.2292,19.41,13.52,0.828,31.4,14.575
IE,2012,2.4337,3.6752,3.4069,2.0401,1.9333,2.3108,1.9057,2.6528,2.6355,3.1335,2.7407,3.2387,2.8755,2.1117,2.0,4.0,3.0,2.0,2.0,2.0,2.0,2.0,2.0,3.0,2.0,3.0,3.0,2.0,6,Ireland,2.4337,3.6752,3.4069,3.2387,2.7407,2.1117,2.807266666666667,2.8755,1.9728999999999999,2.1220499999999998,-0.3047616666666668,-0.616411666666667,-0.7655616666666669,0.13703833333333337,0.06880500000000023,-0.6267616666666669,0.00223833333333312,0.5002383333333333,0.668438333333333,0.936738333333333,3.1719333333333335,2.581875,2.74165,2.0947333333333336,18.95,14.01,0.822,30.0,15.48333
IE,2014,2.5623,3.6657,3.3016,2.1084,2.0749,2.3779,2.0067,2.5967,2.608,3.122,2.8841,3.2221,2.9048,2.2031,2.0,4.0,3.0,2.0,2.0,2.0,2.0,2.0,2.0,3.0,3.0,3.0,3.0,2.0,7,Ireland,2.5623,3.6657,3.3016,3.2221,2.8841,2.2031,2.7755666666666667,2.9048,2.05755,2.2264,-0.21802166666666656,-0.5539216666666666,-0.7227716666666666,0.12447833333333325,-0.004754999999999843,-0.5772216666666665,0.10377833333333353,0.4417783333333336,0.5212783333333335,0.8853783333333336,3.1765333333333334,2.58335,2.8035249999999996,2.1870666666666665,17.15,13.75,0.825,31.1,11.88333
IE,2016,2.4593,3.7309,3.3802,2.1278,2.198,2.4174,2.0961,2.6208,2.7922,3.3011,3.113,3.3996,3.1678,2.241,2.0,4.0,3.0,2.0,2.0,2.0,2.0,2.0,3.0,3.0,3.0,3.0,3.0,2.0,8,Ireland,2.4593,3.7309,3.3802,3.3996,3.113,2.241,2.9046999999999996,3.1678,2.11195,2.3077,-0.4223150000000002,-0.573915,-0.7696649999999998,0.28618500000000013,0.023084999999999578,-0.6406149999999999,0.23138499999999995,0.5179849999999999,0.49858499999999983,0.8492850000000001,3.1901333333333333,2.70255,2.98035,2.247733333333333,21.29,14.58,0.819,29.5,8.408334
IE,2018,2.572,3.6918,3.505,1.9352,2.0764,2.1958,1.9639,2.4572,2.6303,3.3454,3.1127,3.4708,3.2604,2.242,2.0,4.0,4.0,2.0,2.0,2.0,2.0,2.0,2.0,3.0,3.0,3.0,3.0,2.0,9,Ireland,2.572,3.6918,3.505,3.4708,3.1127,2.242,2.810966666666667,3.2604,1.94955,2.1361,-0.3031316666666668,-0.739031666666667,-0.925581666666667,0.3852683333333333,-0.06416500000000003,-0.6331316666666669,0.23756833333333294,0.5956683333333332,0.629868333333333,0.8166683333333333,3.2562666666666664,2.5992,3.0214749999999997,2.0691333333333333,22.92,14.49,0.825,28.7,5.8
IE,2020,2.5731,3.5783,3.2344,2.0131,2.1043,2.3637,2.1037,2.5377,2.7294,3.3243,3.1168,3.3337,3.1014,2.286,2.0,4.0,3.0,2.0,2.0,2.0,2.0,2.0,3.0,3.0,3.0,3.0,3.0,2.0,10,Ireland,2.5731,3.5783,3.2344,3.3337,3.1168,2.286,2.8638,3.1014,2.0584,2.234,-0.26488999999999985,-0.60399,-0.7795900000000002,0.2634099999999999,0.02580999999999989,-0.55199,0.27881,0.4957099999999999,0.39640999999999993,0.74031,3.1286,2.673775,2.959475,2.1603666666666665,23.84,14.96,0.827,27.8,5.858333
IE,2023,2.5631,3.6635,3.388,2.028,1.9664,2.3037,2.0761,2.4837,2.6331,3.2773,3.1723,3.4053,3.0402,2.2051,2.0,4.0,3.0,2.0,2.0,2.0,2.0,2.0,2.0,3.0,3.0,3.0,3.0,2.0,11,Ireland,2.5631,3.6635,3.388,3.4053,3.1723,2.2051,2.798033333333333,3.0402,2.05205,2.13505,-0.279163333333333,-0.7072133333333328,-0.790213333333333,0.1979366666666671,-0.04422999999999977,-0.6371633333333331,0.330036666666667,0.5630366666666671,0.545736666666667,0.8212366666666671,3.2048666666666663,2.61755,2.955725,2.0993666666666666,19.88,14.73,0.829,26.9,4.308333
NL,2002,2.4867,3.9125,3.0799,2.3188,2.1482,2.4503,2.1289,3.3164,2.6886,2.9953,3.3785,3.3784,3.4774,2.6435,2.0,4.0,3.0,2.0,2.0,2.0,2.0,3.0,3.0,3.0,3.0,3.0,3.0,3.0,1,Netherlands,2.4867,3.9125,3.0799,3.3784,3.3785,2.6435,3.0000999999999998,3.4774,2.2238499999999997,2.29925,-0.5013100000000001,-0.6887600000000003,-0.7641600000000004,0.48938999999999977,0.012089999999999712,-0.3445100000000001,0.3904899999999998,0.39039,0.0918899999999998,0.92449,3.1597000000000004,2.7823,3.2194499999999997,2.305766666666667,11.89,12.85,0.803,29.4,3.666667
NL,2004,2.5167,3.8875,3.0566,2.2849,2.0727,2.3866,2.11,3.2472,2.7171,2.8411,3.3815,3.3591,3.4789,2.6276,2.0,4.0,3.0,2.0,2.0,2.0,2.0,3.0,3.0,3.0,3.0,3.0,3.0,3.0,2,Netherlands,2.5167,3.8875,3.0566,3.3591,3.3815,2.6276,2.935133333333333,3.4789,2.19745,2.2296500000000004,-0.4503133333333329,-0.7373633333333327,-0.7695633333333332,0.5118866666666668,-0.03188000000000013,-0.3394133333333329,0.4144866666666669,0.39208666666666714,0.08958666666666693,0.9204866666666671,3.1536000000000004,2.7288499999999996,3.2117750000000003,2.2480666666666664,15.68,12.28,0.809,29.4,6.775
NL,2006,2.4903,3.6953,3.0,2.2966,2.0851,2.3942,2.118,3.2388,2.8562,2.9338,3.2991,3.2683,3.3642,2.696,2.0,4.0,3.0,2.0,2.0,2.0,2.0,3.0,3.0,3.0,3.0,3.0,3.0,3.0,3,Netherlands,2.4903,3.6953,3.0,3.2683,3.2991,2.696,3.0096000000000003,3.3642,2.2073,2.23965,-0.43667500000000015,-0.687325,-0.7196750000000001,0.43722499999999975,0.08262500000000017,-0.23097499999999993,0.37212500000000004,0.3413249999999999,0.0730249999999999,0.7683249999999999,3.061866666666667,2.7866999999999997,3.1569,2.2586333333333335,15.67,13.16,0.814,29.4,6.083333
NL,2008,2.4521,3.7544,3.0203,2.184,2.108,2.3822,2.0956,3.2167,2.7663,2.8568,3.28,3.2557,3.3572,2.7464,2.0,4.0,3.0,2.0,2.0,2.0,2.0,3.0,3.0,3.0,3.0,3.0,3.0,3.0,4,Netherlands,2.4521,3.7544,3.0203,3.2557,3.28,2.7464,2.9466,3.3572,2.1398,2.2451,-0.46765999999999996,-0.6746600000000003,-0.77996,0.43744000000000005,0.026839999999999975,-0.17336000000000018,0.36023999999999967,0.3359399999999999,0.10054000000000007,0.8346399999999998,3.0756,2.7338500000000003,3.159825,2.2247333333333335,15.35,13.29,0.822,29.4,4.758333
NL,2010,2.3979,3.6827,3.0679,2.1777,1.9967,2.4088,2.0683,3.2374,2.812,2.9072,3.3206,3.2433,3.333,2.6568,2.0,4.0,3.0,2.0,2.0,2.0,2.0,3.0,3.0,3.0,3.0,3.0,3.0,3.0,5,Netherlands,2.3979,3.6827,3.0679,3.2433,3.3206,2.6568,2.985533333333333,3.333,2.123,2.20275,-0.5034483333333339,-0.6985983333333339,-0.7783483333333336,0.4316516666666663,0.08418499999999929,-0.2445483333333338,0.41925166666666636,0.3419516666666662,0.166551666666666,0.7813516666666662,3.0495,2.7562249999999997,3.1384250000000002,2.1944,14.49,13.37,0.826,29.4,6.066667
NL,2012,2.3902,3.594,3.0411,2.1328,2.0099,2.3727,2.0363,3.0842,2.8127,2.8976,3.202,3.1423,3.3014,2.5639,2.0,4.0,3.0,2.0,2.0,2.0,2.0,3.0,3.0,3.0,3.0,3.0,3.0,2.0,6,Netherlands,2.3902,3.594,3.0411,3.1423,3.202,2.5639,2.9314999999999998,3.3014,2.08455,2.1913,-0.4540250000000001,-0.6529250000000002,-0.7596750000000001,0.4571749999999999,0.08727499999999955,-0.2803250000000004,0.35777499999999973,0.29807499999999987,0.1968749999999999,0.7497749999999996,3.008433333333333,2.7077,3.0524000000000004,2.1717999999999997,16.53,13.58,0.825,29.299999999999997,6.816667
NL,2014,2.5134,3.7272,3.0307,2.3213,2.0938,2.4547,2.098,3.1512,2.8716,3.0132,3.2867,3.3185,3.433,2.6601,2.0,4.0,3.0,2.0,2.0,2.0,2.0,3.0,3.0,3.0,3.0,3.0,3.0,3.0,7,Netherlands,2.5134,3.7272,3.0307,3.3185,3.2867,2.6601,3.012,3.433,2.20965,2.27425,-0.4331499999999999,-0.6722999999999999,-0.7368999999999999,0.48645000000000005,0.06545000000000023,-0.28644999999999987,0.3401500000000004,0.37195,0.08415000000000017,0.7806500000000001,3.0904333333333334,2.7834999999999996,3.174575,2.2899333333333334,17.67,13.7,0.832,30.5,8.35
NL,2016,2.4503,3.8243,2.9138,2.0587,2.0502,2.3034,1.9352,2.9795,2.8521,3.319,3.223,3.4146,3.5343,2.8256,2.0,4.0,3.0,2.0,2.0,2.0,2.0,3.0,3.0,3.0,3.0,3.0,4.0,3.0,8,Netherlands,2.4503,3.8243,2.9138,3.4146,3.223,2.8256,3.0502000000000002,3.5343,1.99695,2.1768,-0.49068500000000004,-0.7641849999999999,-0.944035,0.593315,0.10921500000000028,-0.11538499999999985,0.2820149999999999,0.4736150000000001,-0.027184999999999793,0.8833150000000001,3.0627999999999997,2.7714499999999997,3.249375,2.1374333333333335,15.7,13.81,0.832,29.2,7.0
NL,2018,2.5658,3.6707,2.9053,2.015,2.003,2.2992,1.9349,2.9377,2.9608,3.3001,3.1274,3.2978,3.3472,2.7272,2.0,4.0,3.0,2.0,2.0,2.0,2.0,3.0,3.0,3.0,3.0,3.0,3.0,3.0,9,Netherlands,2.5658,3.6707,2.9053,3.2978,3.1274,2.7272,3.0662,3.3472,1.9749500000000002,2.1511,-0.3175650000000001,-0.7322649999999999,-0.9084149999999998,0.463835,0.18283499999999986,-0.1561650000000001,0.24403500000000022,0.4144350000000001,0.021935000000000038,0.7873350000000001,3.047266666666667,2.783375,3.1249000000000002,2.1057333333333337,18.35,14.14,0.831,29.5,4.866667
NL,2020,2.4134,3.6553,2.8037,1.9237,1.8805,2.2151,1.8373,2.9274,3.0553,3.5188,3.1649,3.3783,3.4457,2.8757,2.0,4.0,3.0,2.0,2.0,2.0,2.0,3.0,3.0,3.0,3.0,3.0,3.0,3.0,10,Netherlands,2.4134,3.6553,2.8037,3.3783,3.1649,2.8757,3.1671666666666667,3.4457,1.8805,2.0478,-0.4698466666666663,-0.8354466666666664,-1.0027466666666665,0.5624533333333335,0.28392000000000017,-0.007546666666666368,0.2816533333333333,0.49505333333333335,-0.07954666666666643,0.7720533333333335,2.9574666666666665,2.8346999999999998,3.21615,2.0064333333333333,17.14,15.04,0.806,29.5,4.85
NL,2023,2.4136,3.7166,2.8811,1.997,1.907,2.2382,1.8967,2.8947,2.9552,3.446,3.2236,3.4685,3.4763,2.8696,2.0,4.0,3.0,2.0,2.0,2.0,2.0,3.0,3.0,3.0,3.0,3.0,3.0,3.0,11,Netherlands,2.4136,3.7166,2.8811,3.4685,3.2236,2.8696,3.0986333333333334,3.4763,1.94685,2.0726,-0.5031383333333332,-0.8441383333333334,-0.9698883333333335,0.5595616666666667,0.18189499999999992,-0.04713833333333328,0.30686166666666637,0.5517616666666667,-0.03563833333333344,0.7998616666666667,3.003766666666667,2.7981499999999997,3.2595,2.0474,18.17,14.87,0.79,29.100000858306903,3.541667
NO,2002,2.6322,3.9207,3.5149,2.4692,2.3757,2.5937,2.1959,3.4673,2.8459,2.8621,3.7319,3.4559,3.4325,2.9983,2.0,4.0,3.0,2.0,2.0,2.0,2.0,3.0,3.0,3.0,4.0,3.0,3.0,3.0,1,Norway,2.6322,3.9207,3.5149,3.4559,3.7319,2.9983,3.0584333333333333,3.4325,2.33255,2.4847,-0.5240083333333332,-0.6715083333333332,-0.8236583333333334,0.2762916666666668,-0.09777499999999995,-0.15790833333333332,0.5756916666666667,0.2996916666666669,0.35869166666666663,0.7644916666666668,3.355933333333333,2.8428,3.40465,2.4795333333333334,9.53,13.25,0.857,28.53,3.666667
NO,2004,2.5946,3.8457,3.5092,2.4365,2.2812,2.5412,2.1667,3.4463,2.764,2.6622,3.6084,3.406,3.2993,2.8658,2.0,4.0,3.0,2.0,2.0,2.0,2.0,3.0,3.0,2.0,4.0,3.0,3.0,3.0,2,Norway,2.5946,3.8457,3.5092,3.406,3.6084,2.8658,2.9574999999999996,3.2993,2.3016,2.4112,-0.48533000000000026,-0.66873,-0.77833,0.21937000000000006,-0.12243000000000048,-0.21412999999999993,0.52847,0.3260700000000001,0.4292699999999998,0.7657699999999998,3.3165,2.7598,3.294875,2.4196333333333335,12.05,13.17,0.857,28.53,4.275
NO,2006,2.6012,3.7945,3.4351,2.337,2.2398,2.4968,2.0687,3.4168,2.8252,2.77,3.5978,3.3758,3.3101,2.7741,2.0,4.0,3.0,2.0,2.0,2.0,2.0,3.0,3.0,3.0,4.0,3.0,3.0,3.0,3,Norway,2.6012,3.7945,3.4351,3.3758,3.5978,2.7741,3.004,3.3101,2.20285,2.3682999999999996,-0.4451749999999999,-0.6780750000000002,-0.8435249999999996,0.263725,-0.04237499999999983,-0.27227500000000004,0.551425,0.3294250000000001,0.388725,0.7481250000000004,3.2769333333333335,2.770175,3.26445,2.3578666666666668,11.77,13.36,0.864,28.53,3.6
NO,2008,2.5191,3.7653,3.4401,2.283,2.2857,2.5416,2.0884,3.4409,2.7696,2.717,3.565,3.3792,3.2791,2.9221,2.0,4.0,3.0,2.0,2.0,2.0,2.0,3.0,3.0,3.0,4.0,3.0,3.0,3.0,4,Norway,2.5191,3.7653,3.4401,3.3792,3.565,2.9221,2.9758333333333336,3.2791,2.1856999999999998,2.4136499999999996,-0.5254083333333339,-0.6308583333333342,-0.8588083333333341,0.2345916666666663,-0.06867500000000026,-0.1224083333333339,0.5204916666666661,0.33469166666666617,0.39559166666666634,0.720791666666666,3.2415,2.753975,3.28635,2.3701,12.98,13.43,0.864,25.0,2.933333
NO,2010,2.5391,3.8025,3.1834,2.1853,2.1675,2.4159,1.8535,3.4673,2.5013,2.983,3.7023,3.2955,3.3272,3.0118,2.0,4.0,3.0,2.0,2.0,2.0,2.0,3.0,2.0,3.0,4.0,3.0,3.0,3.0,5,Norway,2.5391,3.8025,3.1834,3.2955,3.7023,3.0118,2.9838666666666662,3.3272,2.0194,2.2917,-0.47657666666666687,-0.7239766666666667,-0.9962766666666667,0.31152333333333315,-0.03181000000000056,-0.0038766666666667504,0.6866233333333334,0.2798233333333333,0.167723333333333,0.7868233333333334,3.1749999999999994,2.7012750000000003,3.3342,2.2562333333333338,13.89,13.57,0.868,24.858,3.958333
NO,2012,2.4551,3.6615,3.0715,2.1918,2.1398,2.372,1.8452,3.3567,2.4845,2.7964,3.5736,3.1692,3.3055,2.6888,2.0,4.0,3.0,2.0,2.0,2.0,2.0,3.0,2.0,3.0,4.0,3.0,3.0,2.0,6,Norway,2.4551,3.6615,3.0715,3.1692,3.5736,2.6888,2.8792000000000004,3.3055,2.0185,2.2559,-0.4527800000000002,-0.65198,-0.8893800000000001,0.39761999999999986,-0.028679999999999595,-0.21907999999999994,0.6657199999999999,0.26132,0.16361999999999988,0.7536200000000002,3.0627,2.6207000000000003,3.184275,2.2345333333333333,16.87,13.07,0.87,25.252000000000002,3.483333
NO,2014,2.4303,3.7203,3.1685,2.2547,2.1233,2.4048,1.8308,3.4236,2.4687,2.7363,3.7137,3.2834,3.3828,2.6693,2.0,4.0,3.0,2.0,2.0,2.0,2.0,3.0,2.0,2.0,4.0,3.0,3.0,2.0,7,Norway,2.4303,3.7203,3.1685,3.2834,3.7137,2.6693,2.8762000000000003,3.3828,2.04275,2.26405,-0.5248300000000006,-0.6910800000000004,-0.9123800000000006,0.42766999999999955,-0.07893000000000017,-0.2858300000000007,0.7585699999999993,0.3282699999999994,0.2133699999999994,0.7651699999999995,3.1063666666666663,2.61485,3.2622999999999998,2.2609333333333335,16.64,13.85,0.856,25.7,3.775
NO,2016,2.4602,3.6993,3.196,2.1745,2.1956,2.3131,1.8112,3.3527,2.4781,2.8318,3.7601,3.3144,3.4059,2.7231,2.0,4.0,3.0,2.0,2.0,2.0,2.0,3.0,2.0,3.0,4.0,3.0,3.0,2.0,8,Norway,2.4602,3.6993,3.196,3.3144,3.7601,2.7231,2.8875333333333333,3.4059,1.99285,2.25435,-0.5091733333333335,-0.7150233333333333,-0.9765233333333334,0.4365266666666665,-0.08184000000000013,-0.24627333333333334,0.7907266666666666,0.3450266666666666,0.22662666666666675,0.7299266666666666,3.1184999999999996,2.6184499999999997,3.300875,2.2277333333333336,16.57,14.07,0.862,26.208,4.908333
NO,2018,2.6555,3.653,3.1712,2.1302,2.2283,2.319,1.7504,3.3508,2.4871,2.9014,3.7607,3.3603,3.2968,2.5862,3.0,4.0,3.0,2.0,2.0,2.0,2.0,3.0,2.0,3.0,4.0,3.0,3.0,2.0,9,Norway,2.6555,3.653,3.1712,3.3603,3.7607,2.5862,2.9131,3.2968,1.9403,2.27365,-0.3055749999999997,-0.6874249999999997,-1.0207749999999998,0.3357250000000005,-0.04797499999999966,-0.37487499999999985,0.7996250000000003,0.3992250000000004,0.21012500000000012,0.6919250000000003,3.1599000000000004,2.6224250000000002,3.251,2.225833333333333,16.15,14.03,0.845,26.208,3.991667
NO,2020,2.6451,3.7696,3.2544,2.076,2.0078,2.2924,1.7635,3.3504,2.5412,3.0071,3.8445,3.4242,3.5513,2.7803,3.0,4.0,3.0,2.0,2.0,2.0,2.0,3.0,2.0,3.0,4.0,3.0,4.0,3.0,10,Norway,2.6451,3.7696,3.2544,3.4242,3.8445,2.7803,2.9662333333333333,3.5513,1.91975,2.1501,-0.38544833333333317,-0.8804483333333328,-1.1107983333333329,0.520751666666667,-0.06431499999999968,-0.25024833333333296,0.8139516666666671,0.39365166666666696,0.223851666666667,0.7390516666666671,3.2230333333333334,2.66555,3.400075,2.1254000000000004,17.22,14.79,0.832,26.3,4.75
NO,2023,2.5375,3.7428,3.228,2.1109,1.9758,2.2871,1.8141,3.3106,2.5428,2.9802,3.851,3.4115,3.5399,2.6854,2.0,4.0,3.0,2.0,2.0,2.0,2.0,3.0,2.0,3.0,4.0,3.0,4.0,2.0,11,Norway,2.5375,3.7428,3.228,3.4115,3.851,2.6854,2.9445333333333337,3.5399,1.9625,2.13145,-0.4659583333333335,-0.8720083333333335,-1.0409583333333337,0.5364416666666663,-0.058924999999999894,-0.31805833333333355,0.8475416666666664,0.40804166666666664,0.22454166666666664,0.7393416666666663,3.1694333333333335,2.661925,3.37195,2.1246000000000005,19.22,14.85,0.833,26.233,3.583333
PL,2002,2.894,3.9554,3.5691,2.3859,1.9021,2.6,2.0396,2.771,2.3214,2.3447,3.1515,3.0029,3.0739,1.9879,3.0,4.0,4.0,2.0,2.0,2.0,2.0,2.0,2.0,2.0,3.0,3.0,3.0,2.0,1,Poland,2.894,3.9554,3.5691,3.0029,3.1515,1.9879,2.479033333333333,3.0739,2.2127499999999998,2.25105,0.03624666666666698,-0.6067033333333329,-0.6450033333333334,0.21614666666666693,-0.37871999999999995,-0.8698533333333331,0.2937466666666668,0.14514666666666676,0.711346666666667,1.0976466666666669,3.4728333333333334,2.369175,2.80405,2.296,6.3,11.4,0.812,32.6925694942474,20.03333
PL,2004,2.8486,3.9069,3.5956,2.3278,1.9782,2.6156,1.9316,2.7761,2.3167,2.4717,3.0233,2.9477,2.8078,2.0563,3.0,4.0,4.0,2.0,2.0,2.0,2.0,2.0,2.0,2.0,3.0,3.0,3.0,2.0,2,Poland,2.8486,3.9069,3.5956,2.9477,3.0233,2.0563,2.5214999999999996,2.8078,2.1296999999999997,2.2969,0.03516999999999948,-0.5165300000000004,-0.6837300000000006,-0.005630000000000468,-0.2919300000000007,-0.7571300000000005,0.20986999999999956,0.1342699999999999,0.7821699999999998,1.0934699999999995,3.450366666666666,2.374025,2.708775,2.3072,4.25,11.59,0.812,32.6925694942474,19.14167
PL,2006,2.8643,3.9038,3.548,2.3645,1.9559,2.3629,2.0166,2.755,2.3325,2.4042,3.0497,2.9417,2.8249,2.1514,3.0,4.0,3.0,2.0,2.0,2.0,2.0,2.0,2.0,2.0,3.0,3.0,3.0,2.0,3,Poland,2.8643,3.9038,3.548,2.9417,3.0497,2.1514,2.4972333333333334,2.8249,2.19055,2.1593999999999998,0.05120166666666659,-0.6536983333333337,-0.6225483333333335,0.011801666666666488,-0.31586500000000006,-0.6616983333333333,0.2366016666666666,0.1286016666666665,0.7349016666666666,1.0907016666666665,3.4387000000000003,2.3770749999999996,2.741925,2.2277666666666667,4.47,11.51,0.805,31.4573705196381,13.96667
PL,2008,2.7923,3.941,3.5147,2.3519,2.0526,2.3854,2.0325,2.8046,2.426,2.506,3.0943,2.9754,2.8533,2.2418,3.0,4.0,3.0,2.0,2.0,2.0,2.0,3.0,2.0,2.0,3.0,3.0,3.0,2.0,4,Poland,2.7923,3.941,3.5147,2.9754,3.0943,2.2418,2.578866666666667,2.8533,2.1922,2.2190000000000003,-0.04798666666666662,-0.6212866666666663,-0.6480866666666665,0.013013333333333321,-0.26141999999999976,-0.5984866666666666,0.2540133333333334,0.13511333333333342,0.6744133333333333,1.1007133333333332,3.416,2.442275,2.7912,2.2633000000000005,4.76,12.1,0.831,30.6708246469498,7.041667
PL,2010,2.7408,3.9559,3.6553,2.2578,1.9868,2.3766,1.9422,2.8041,2.3834,2.4799,2.9714,2.9079,2.8019,2.0708,3.0,4.0,4.0,2.0,2.0,2.0,2.0,3.0,2.0,2.0,3.0,3.0,3.0,2.0,5,Poland,2.7408,3.9559,3.6553,2.9079,2.9714,2.0708,2.5558,2.8019,2.1,2.1816999999999998,-0.05335000000000001,-0.6124500000000004,-0.69415,0.007749999999999702,-0.23835000000000006,-0.7233499999999999,0.1772499999999999,0.11375000000000002,0.8611499999999999,1.16175,3.4506666666666668,2.4024,2.688,2.2070666666666665,4.45,12.44,0.831,30.4277718067169,9.983334
PL,2012,2.7853,3.8942,3.5211,2.214,1.8796,2.2521,1.8545,2.6305,2.2859,2.3832,2.8789,2.8227,2.7027,1.9909,3.0,4.0,4.0,2.0,2.0,2.0,2.0,2.0,2.0,2.0,3.0,3.0,2.0,2.0,6,Poland,2.7853,3.8942,3.5211,2.8227,2.8789,1.9909,2.4332,2.7027,2.03425,2.06585,0.07238999999999951,-0.6470600000000002,-0.6786600000000003,-0.010210000000000274,-0.27971000000000057,-0.7220100000000005,0.16598999999999942,0.10978999999999983,0.8081899999999997,1.1812899999999997,3.4002,2.288525,2.5987999999999998,2.1152333333333337,5.06,12.33,0.832,29.759150743484504,10.39167
PL,2014,2.9063,4.0307,3.6565,2.2098,1.9124,2.3005,1.8822,2.5857,2.3009,2.4289,3.1002,2.988,2.7182,1.9555,3.0,4.0,4.0,2.0,2.0,2.0,2.0,2.0,2.0,2.0,3.0,3.0,2.0,2.0,7,Poland,2.9063,4.0307,3.6565,2.988,3.1002,1.9555,2.4385,2.7182,2.0460000000000003,2.10645,0.11166499999999946,-0.6881850000000003,-0.7486350000000002,-0.07643500000000047,-0.35613500000000053,-0.8391350000000004,0.30556499999999964,0.19336499999999957,0.8618649999999994,1.236065,3.531166666666667,2.2994250000000003,2.690475,2.1409000000000002,5.7,12.3,0.817,29.726582765579202,9.208333
PL,2016,2.8204,3.9905,3.6881,2.2669,2.0424,2.3496,1.909,2.7238,2.4233,2.5495,3.0965,2.9862,2.8176,2.0735,2.0,4.0,4.0,2.0,2.0,2.0,2.0,2.0,2.0,2.0,3.0,3.0,3.0,2.0,8,Poland,2.8204,3.9905,3.6881,2.9862,3.0965,2.0735,2.565533333333333,2.8176,2.08795,2.196,-0.01182833333333333,-0.636228333333333,-0.7442783333333329,-0.014628333333333021,-0.2666949999999999,-0.758728333333333,0.2642716666666667,0.15397166666666706,0.8558716666666668,1.1582716666666668,3.4996666666666667,2.4014,2.74345,2.219633333333334,3.48,12.49,0.593,28.4694224596024,6.283333
PL,2018,3.1057,4.2495,3.9385,2.5079,2.3164,2.5957,2.1067,2.991,2.5988,2.7542,3.208,3.1814,2.8399,2.2669,3.0,5.0,4.0,2.0,2.0,2.0,2.0,3.0,2.0,2.0,3.0,3.0,3.0,2.0,9,Poland,3.1057,4.2495,3.9385,3.1814,3.208,2.2669,2.781333333333333,2.8399,2.3072999999999997,2.45605,0.07224166666666676,-0.5774083333333335,-0.7261583333333337,-0.19355833333333328,-0.2521250000000004,-0.7665583333333332,0.17454166666666682,0.14794166666666664,0.9050416666666665,1.216041666666667,3.7645666666666666,2.6126750000000003,2.87405,2.473333333333333,3.93,12.7,0.523,28.1198173761368,3.9
PL,2023,2.8968,4.0021,3.6987,2.2574,2.0705,2.4137,2.0063,2.824,2.5091,2.7008,3.3063,3.0507,2.9859,2.0878,3.0,4.0,4.0,2.0,2.0,2.0,2.0,3.0,2.0,2.0,3.0,3.0,3.0,2.0,11,Poland,2.8968,4.0021,3.6987,3.0507,3.3063,2.0878,2.6779666666666664,2.9859,2.13185,2.2420999999999998,-0.011221666666666685,-0.6659216666666667,-0.7761716666666665,0.0778783333333335,-0.23005500000000012,-0.8202216666666664,0.3982783333333333,0.14267833333333346,0.7906783333333336,1.094078333333334,3.5325333333333333,2.5100499999999997,2.857675,2.2472,3.33,13.53,0.452,25.6848603487015,2.816667
PT,2002,2.7384,4.0302,2.9043,2.3605,2.1992,2.7196,2.1579,2.6181,3.0875,3.3976,3.0743,3.1325,3.0935,2.4877,3.0,4.0,3.0,2.0,2.0,3.0,2.0,3.0,3.0,3.0,3.0,3.0,3.0,2.0,1,Portugal,2.7384,4.0302,2.9043,3.1325,3.0743,2.4877,3.0344,3.0935,2.2592,2.4593999999999996,-0.18298999999999976,-0.4619900000000001,-0.6621899999999998,0.17211000000000043,0.1130100000000005,-0.4336899999999999,0.15291000000000032,0.21111000000000013,-0.017089999999999606,1.10881,3.2242999999999995,2.815275,2.947,2.426433333333333,7.61,7.44,0.824,37.816584110259996,6.466667
PT,2004,2.963,3.9006,2.9142,2.4993,2.4798,2.7849,2.3324,2.6007,2.9676,3.2196,3.0533,3.0784,2.9173,2.519,3.0,4.0,3.0,2.0,2.0,3.0,2.0,3.0,3.0,3.0,3.0,3.0,3.0,2.0,2,Portugal,2.963,3.9006,2.9142,3.0784,3.0533,2.519,2.9293,2.9173,2.41585,2.6323499999999997,0.030670000000000197,-0.29998000000000014,-0.51648,-0.015029999999999877,-0.003029999999999866,-0.41332999999999975,0.12097000000000024,0.14606999999999992,-0.018129999999999757,0.96827,3.2592666666666665,2.780075,2.892,2.5879999999999996,6.48,7.45,0.823,38.309660553932204,8.166667
PT,2006,2.8899,4.1091,3.0754,2.3672,2.2306,2.5888,2.1705,2.562,2.9612,3.2176,3.0141,3.13,2.8868,2.4792,3.0,4.0,3.0,2.0,2.0,2.0,2.0,3.0,3.0,3.0,3.0,3.0,3.0,2.0,3,Portugal,2.8899,4.1091,3.0754,3.13,3.0141,2.4792,2.9136,2.8868,2.26885,2.4097,-0.027764999999999596,-0.5079649999999996,-0.6488149999999995,-0.030864999999999476,-0.004064999999999319,-0.43846499999999944,0.09643500000000049,0.21233500000000038,0.15773500000000062,1.1914350000000002,3.3581333333333334,2.727825,2.877525,2.3955333333333333,8.91,7.17,0.84,36.8463784456253,9.3
PT,2008,2.8892,4.2239,3.2729,2.5626,2.3103,2.7211,2.3783,2.7282,3.009,3.2187,3.012,3.1788,3.1954,2.5901,3.0,4.0,3.0,3.0,2.0,3.0,2.0,3.0,3.0,3.0,3.0,3.0,3.0,3.0,4,Portugal,2.8892,4.2239,3.2729,3.1788,3.012,2.5901,2.9853,3.1954,2.47045,2.5157,-0.14417499999999972,-0.5176750000000001,-0.5629249999999999,0.16202499999999986,-0.04807499999999987,-0.44327499999999986,-0.021374999999999922,0.14542499999999992,0.239525,1.1905250000000005,3.462,2.8335500000000002,2.9940749999999996,2.531333333333333,7.86,7.71,0.839,35.4261577129364,9.241667
PT,2010,2.7607,4.0542,3.0079,2.4322,2.2884,2.8031,2.2894,2.6189,2.9874,3.1772,2.8674,3.0304,2.9616,2.4602,3.0,4.0,3.0,2.0,2.0,3.0,2.0,3.0,3.0,3.0,3.0,3.0,3.0,2.0,5,Portugal,2.7607,4.0542,3.0079,3.0304,2.8674,2.4602,2.9278333333333335,2.9616,2.3608000000000002,2.54575,-0.13697833333333298,-0.35192833333333295,-0.5368783333333327,0.06392166666666688,0.030155000000000598,-0.43747833333333297,-0.030278333333332963,0.1327216666666673,0.11022166666666688,1.156521666666667,3.274266666666666,2.768225,2.8299000000000003,2.5079,9.3,7.38,0.843,34.1301143169403,12.58333
PT,2012,2.7534,4.2289,2.9794,2.4914,2.1805,2.8366,2.3046,2.7178,2.9493,3.1474,2.818,3.0576,2.9308,2.393,3.0,4.0,3.0,2.0,2.0,3.0,2.0,3.0,3.0,3.0,3.0,3.0,3.0,2.0,6,Portugal,2.7534,4.2289,2.9794,3.0576,2.818,2.393,2.938166666666667,2.9308,2.398,2.5085499999999996,-0.147181666666667,-0.39203166666666744,-0.5025816666666669,0.030218333333333014,0.03758499999999998,-0.5075816666666673,-0.082581666666667,0.15701833333333282,0.07881833333333299,1.3283183333333333,3.3205666666666667,2.779775,2.79985,2.5028333333333332,8.46,8.08,0.832,33.7030291557312,16.56667
PT,2014,2.6774,4.3502,2.7033,2.1911,2.1405,2.7126,2.0064,2.3536,3.116,3.451,3.2126,3.0137,3.2228,2.4274,3.0,5.0,3.0,2.0,2.0,3.0,2.0,2.0,3.0,3.0,3.0,3.0,3.0,2.0,7,Portugal,2.6774,4.3502,2.7033,3.0137,3.2126,2.4274,2.9735333333333336,3.2228,2.09875,2.4265499999999998,-0.23322333333333356,-0.4840733333333338,-0.8118733333333337,0.3121766666666663,0.06291000000000002,-0.48322333333333356,0.30197666666666656,0.10307666666666648,-0.20732333333333353,1.4395766666666665,3.2436333333333334,2.7317500000000003,2.969125,2.3480666666666665,10.99,8.8,0.831,33.7675213813782,14.65
PT,2016,2.5819,4.1259,2.659,2.2041,2.1168,2.5931,2.0032,2.4133,3.3024,3.6751,3.3376,3.0837,3.5349,2.6024,3.0,4.0,3.0,2.0,2.0,3.0,2.0,2.0,3.0,4.0,3.0,3.0,4.0,3.0,8,Portugal,2.5819,4.1259,2.659,3.0837,3.3376,2.6024,3.130266666666667,3.5349,2.10365,2.35495,-0.3695266666666672,-0.5964766666666672,-0.8477766666666673,0.5834733333333326,0.17883999999999967,-0.3490266666666675,0.3861733333333328,0.13227333333333258,-0.2924266666666675,1.1744733333333324,3.1222666666666665,2.8485,3.13965,2.3046666666666664,11.02,10.1,0.83,33.1432938575745,11.475
PT,2018,2.6807,4.2239,2.6989,2.1384,2.117,2.6555,1.999,2.464,3.3023,3.6785,3.3522,3.025,3.5038,2.6097,3.0,5.0,3.0,2.0,2.0,3.0,2.0,2.0,3.0,4.0,3.0,3.0,4.0,3.0,9,Portugal,2.6807,4.2239,2.6989,3.025,3.3522,2.6097,3.1482666666666668,3.5038,2.0686999999999998,2.38625,-0.2890416666666664,-0.5834916666666663,-0.9010416666666665,0.5340583333333337,0.1785250000000005,-0.36004166666666615,0.38245833333333357,0.05525833333333363,-0.2708416666666662,1.2541583333333342,3.201166666666667,2.86095,3.122675,2.3036333333333334,15.64,10.45,0.849,31.6905468702316,7.15
PT,2020,2.6481,4.359,2.8926,2.3515,2.0935,2.8205,2.1726,2.5508,3.2048,3.5681,3.246,3.1445,3.3094,2.687,3.0,5.0,3.0,2.0,2.0,3.0,2.0,3.0,3.0,3.0,3.0,3.0,3.0,3.0,10,Portugal,2.6481,4.359,2.8926,3.1445,3.246,2.687,3.1079000000000003,3.3094,2.2620500000000003,2.457,-0.36325500000000055,-0.5543550000000006,-0.7493050000000001,0.29804499999999967,0.09654499999999988,-0.3243550000000006,0.23464499999999955,0.1331449999999994,-0.11875500000000061,1.3476449999999995,3.2998999999999996,2.874075,3.0967249999999997,2.4218333333333333,13.76,9.73,0.807,32.6657593250275,7.108333
PT,2023,2.5457,3.9327,2.6028,2.1704,2.0241,2.4693,2.0088,2.3789,2.9648,3.3676,2.9604,2.8161,2.989,2.3962,2.0,4.0,3.0,2.0,2.0,2.0,2.0,2.0,3.0,3.0,3.0,3.0,3.0,2.0,11,Portugal,2.5457,3.9327,2.6028,2.8161,2.9604,2.3962,2.9037666666666664,2.989,2.0896,2.2466999999999997,-0.2025966666666661,-0.5015966666666665,-0.6586966666666663,0.2407033333333337,0.15547000000000022,-0.3520966666666663,0.21210333333333375,0.06780333333333388,-0.14549666666666639,1.184403333333334,3.027066666666667,2.6800249999999997,2.790425,2.2212666666666667,16.97,10.56,0.757,31.9870173931122,6.566667
SE,2002,2.7044,4.0784,3.2008,2.5655,2.1336,2.7025,2.0963,3.1398,3.2938,3.3764,3.5062,3.8392,3.6257,3.0423,3.0,4.0,3.0,2.0,2.0,3.0,2.0,3.0,3.0,3.0,3.0,4.0,4.0,3.0,1,Sweden,2.7044,4.0784,3.2008,3.8392,3.5062,3.0423,3.2699999999999996,3.6257,2.3308999999999997,2.41805,-0.49719500000000005,-0.7835450000000002,-0.8706950000000004,0.42410499999999995,0.06840499999999938,-0.1592950000000002,0.304605,0.6376049999999998,-0.0007950000000001012,0.8768050000000001,3.3278666666666665,2.9765750000000004,3.50335,2.4672,18.46,12.01,0.876,26.700000000000003,5.95
SE,2004,2.6704,4.0208,3.1662,2.4726,2.1668,2.6384,2.1103,3.0269,3.1738,3.3491,3.4988,3.8305,3.597,3.1351,3.0,4.0,3.0,2.0,2.0,2.0,2.0,3.0,3.0,3.0,3.0,4.0,4.0,3.0,2,Sweden,2.6704,4.0208,3.1662,3.8305,3.4988,3.1351,3.1832666666666665,3.597,2.29145,2.4025999999999996,-0.5092116666666668,-0.7770116666666671,-0.8881616666666665,0.41738833333333325,0.003654999999999742,-0.04451166666666673,0.3191883333333334,0.6508883333333331,-0.013411666666666822,0.8411883333333336,3.2858,2.915025,3.5153499999999998,2.4259333333333335,17.09,12.09,0.874,26.700000000000003,7.375
SE,2006,2.6811,3.9395,3.1025,2.4388,2.1328,2.633,2.0667,3.0538,3.191,3.4016,3.5399,3.8434,3.5817,3.1512,3.0,4.0,3.0,2.0,2.0,2.0,2.0,3.0,3.0,3.0,3.0,4.0,4.0,3.0,3,Sweden,2.6811,3.9395,3.1025,3.8434,3.5399,3.1512,3.2154666666666665,3.5817,2.25275,2.3829000000000002,-0.4879416666666665,-0.7861416666666661,-0.9162916666666665,0.4126583333333338,0.04642500000000016,-0.017841666666666534,0.3708583333333335,0.6743583333333336,-0.06654166666666628,0.7704583333333335,3.2410333333333328,2.9282749999999997,3.52905,2.4015333333333335,20.29,12.58,0.877,26.700000000000003,7.241667
SE,2008,2.6101,3.9198,3.1091,2.3028,2.0844,2.6158,2.0167,2.978,3.1521,3.3833,3.4693,3.7744,3.5318,3.0984,3.0,4.0,3.0,2.0,2.0,2.0,2.0,3.0,3.0,3.0,3.0,4.0,3.0,3.0,4,Sweden,2.6101,3.9198,3.1091,3.7744,3.4693,3.0984,3.1711333333333336,3.5318,2.15975,2.3501000000000003,-0.5092883333333336,-0.7692883333333334,-0.9596383333333338,0.4124116666666664,0.05174499999999993,-0.02098833333333383,0.3499116666666664,0.6550116666666663,-0.010288333333333455,0.8004116666666663,3.2129999999999996,2.882525,3.468475,2.3343333333333334,20.22,12.72,0.881,26.700000000000003,6.35
SE,2010,2.4905,3.8595,2.9012,2.1385,1.9823,2.3527,1.9067,2.9073,3.243,3.5889,3.5294,4.0082,3.5477,3.2111,3.0,4.0,3.0,2.0,2.0,2.0,2.0,3.0,3.0,4.0,3.0,4.0,3.0,3.0,5,Sweden,2.4905,3.8595,2.9012,4.0082,3.5294,3.2111,3.2464,3.5477,2.0226,2.1675,-0.60791,-0.9309099999999999,-1.0758099999999997,0.44928999999999997,0.14799000000000007,0.11269000000000018,0.43099,0.9097900000000005,-0.1972100000000001,0.7610900000000003,3.083733333333333,2.9114750000000003,3.5741,2.157833333333333,19.77,12.64,0.882,26.700000000000003,8.775
SE,2012,2.3662,3.7067,2.9429,1.9929,1.8543,2.2524,1.7735,2.7312,2.9848,3.2673,3.3344,3.7467,3.2331,2.8331,2.0,4.0,3.0,2.0,2.0,2.0,2.0,3.0,3.0,3.0,3.0,4.0,3.0,3.0,6,Sweden,2.3662,3.7067,2.9429,3.7467,3.3344,2.8331,2.9944333333333333,3.2331,1.8832,2.05335,-0.5432083333333333,-0.8560583333333334,-1.0262083333333334,0.3236916666666665,0.0850249999999999,-0.07630833333333342,0.42499166666666666,0.8372916666666668,0.033491666666666475,0.7972916666666667,3.005266666666667,2.6892,3.286825,2.0332000000000003,23.01,12.85,0.887,26.700000000000003,8.15
SE,2014,2.3745,3.8101,2.9119,2.0594,1.765,2.1823,1.7598,2.6756,3.0329,3.3368,3.5445,3.9175,3.424,2.9086,2.0,4.0,3.0,2.0,2.0,2.0,2.0,2.0,3.0,3.0,4.0,4.0,3.0,3.0,7,Sweden,2.3745,3.8101,2.9119,3.9175,3.5445,2.9086,3.0151000000000003,3.424,1.9096000000000002,1.9736500000000001,-0.6044450000000001,-1.0052949999999998,-1.0693449999999998,0.445055,0.03615500000000038,-0.0703450000000001,0.5655550000000003,0.938555,-0.0670449999999998,0.8311549999999999,3.0321666666666665,2.7012750000000003,3.4486499999999998,2.0022333333333333,20.71,13.15,0.886,27.200000000000003,8.1
SE,2016,2.3364,3.8399,2.985,2.0574,1.9627,2.1684,1.7946,2.6978,3.135,3.3,3.6088,4.032,3.4241,3.0173,2.0,4.0,3.0,2.0,2.0,2.0,2.0,2.0,3.0,3.0,4.0,4.0,3.0,3.0,8,Sweden,2.3364,3.8399,2.985,4.032,3.6088,3.0173,3.0442666666666667,3.4241,1.926,2.06555,-0.6915316666666667,-0.9623816666666665,-1.1019316666666665,0.3961683333333337,0.01633500000000021,-0.010631666666666373,0.5808683333333335,1.0040683333333336,-0.04293166666666659,0.8119683333333336,3.0537666666666663,2.7318499999999997,3.5205500000000005,2.0628333333333333,20.31,13.28,0.884,28.000000000000004,7.15
SE,2018,2.4865,3.8587,2.8983,2.0732,1.957,2.2386,1.7795,2.75,3.0921,3.3936,3.5933,3.9788,3.456,2.8082,2.0,4.0,3.0,2.0,2.0,2.0,2.0,3.0,3.0,3.0,4.0,4.0,3.0,3.0,9,Sweden,2.4865,3.8587,2.8983,3.9788,3.5933,2.8082,3.0785666666666667,3.456,1.92635,2.0978,-0.5317516666666666,-0.9204516666666667,-1.0919016666666665,0.4377483333333334,0.06031500000000012,-0.21005166666666675,0.5750483333333336,0.9605483333333336,-0.11995166666666668,0.8404483333333332,3.081166666666667,2.7538,3.459075,2.0896,24.11,13.7,0.878,27.3,6.475
SE,2023,2.4239,3.8369,2.9202,2.0681,1.7715,2.2313,1.813,2.7623,3.1364,3.5886,3.7864,4.1511,3.6425,2.9772,2.0,4.0,3.0,2.0,2.0,2.0,2.0,3.0,3.0,4.0,4.0,4.0,4.0,3.0,11,Sweden,2.4239,3.8369,2.9202,4.1511,3.7864,2.9772,3.162433333333333,3.6425,1.94055,2.0014000000000003,-0.6603583333333334,-1.0828583333333333,-1.1437083333333335,0.5582416666666665,0.07817499999999944,-0.1070583333333337,0.7021416666666664,1.066841666666666,-0.16405833333333364,0.7526416666666664,3.060333333333333,2.825075,3.6393,2.023633333333333,23.09,14.23,0.845,28.9000004529953,7.666667
SI,2002,2.572,3.8238,2.9496,2.3125,2.0209,2.4204,2.3619,2.3071,2.5472,3.1216,2.8383,2.6913,2.8447,2.2204,2.0,4.0,3.0,2.0,2.0,2.0,2.0,2.0,2.0,3.0,3.0,2.0,3.0,2.0,1,Slovenia,2.572,3.8238,2.9496,2.6913,2.8383,2.2204,2.6586333333333334,2.8447,2.3372,2.22065,-0.14365833333333322,-0.4950083333333333,-0.3784583333333331,0.12904166666666672,-0.05702499999999988,-0.49525833333333313,0.12264166666666654,-0.02435833333333326,0.23394166666666694,1.1081416666666666,3.115133333333333,2.5844500000000004,2.648675,2.2512666666666665,11.78,11.38,0.763,24.1497978568077,6.341667
SI,2004,2.6391,3.8555,2.773,2.2633,2.0474,2.5337,2.3383,2.2907,2.5558,3.2265,2.8542,2.8492,2.8608,2.3133,2.0,4.0,3.0,2.0,2.0,2.0,2.0,2.0,2.0,3.0,3.0,3.0,3.0,2.0,2,Slovenia,2.6391,3.8555,2.773,2.8492,2.8542,2.3133,2.6910000000000003,2.8608,2.3007999999999997,2.29055,-0.10364500000000021,-0.4521950000000001,-0.4419450000000005,0.11805499999999958,-0.05174499999999993,-0.4294450000000003,0.11145499999999986,0.10645499999999997,0.03025499999999992,1.112755,3.0892,2.6028249999999997,2.719375,2.2814666666666668,19.28,11.27,0.736,24.1497978568077,6.341667
SI,2006,2.5293,3.6553,2.7005,2.159,1.9891,2.3622,2.1208,2.1774,2.3955,3.1119,2.7756,2.6771,2.6887,2.3181,2.0,4.0,2.0,2.0,2.0,2.0,2.0,2.0,2.0,3.0,2.0,2.0,2.0,2.0,3,Slovenia,2.5293,3.6553,2.7005,2.6771,2.7756,2.3181,2.5616000000000003,2.6887,2.1399,2.17565,-0.09287499999999937,-0.4465249999999994,-0.48227499999999957,0.06652500000000039,-0.06057499999999916,-0.30407499999999965,0.15342500000000037,0.054925000000000335,0.07832500000000042,1.0331250000000005,2.9617,2.4514,2.614875,2.1700999999999997,18.5,11.62,0.737,23.745396733284,5.991667
SI,2008,2.5442,3.6704,2.6008,2.0877,1.9604,2.3527,2.1416,2.1908,2.3439,3.11,2.5919,2.6558,2.6944,2.2437,2.0,4.0,2.0,2.0,2.0,2.0,2.0,2.0,2.0,3.0,2.0,2.0,2.0,2.0,4,Slovenia,2.5442,3.6704,2.6008,2.6558,2.5919,2.2437,2.5482333333333336,2.6944,2.11465,2.15655,-0.03786333333333314,-0.42551333333333297,-0.467413333333333,0.11233666666666675,-0.03382999999999958,-0.3383633333333331,0.009836666666666716,0.073736666666667,0.018736666666666846,1.0883366666666667,2.938466666666667,2.4465749999999997,2.54645,2.1336,18.35,11.65,0.741,23.3850046992302,4.391667
SI,2010,2.3596,3.6233,2.5255,1.9331,1.8072,2.2674,2.078,2.1094,2.2336,2.9876,2.4521,2.4858,2.5848,2.0373,2.0,4.0,2.0,2.0,2.0,2.0,2.0,2.0,2.0,3.0,2.0,2.0,2.0,2.0,5,Slovenia,2.3596,3.6233,2.5255,2.4858,2.4521,2.0373,2.4435333333333333,2.5848,2.00555,2.0373,-0.09587833333333329,-0.4181783333333331,-0.44992833333333326,0.12932166666666678,-0.011944999999999872,-0.4181783333333331,-0.003378333333333039,0.03032166666666658,0.07002166666666687,1.1678216666666668,2.836133333333333,2.35215,2.39,2.0025666666666666,16.54,11.88,0.795,24.4639292359352,7.258333
SI,2012,2.3643,3.7818,2.4851,1.8107,1.6592,2.1684,2.012,1.8297,2.0625,3.0746,2.4021,2.527,2.3371,1.7514,2.0,4.0,2.0,2.0,2.0,2.0,2.0,2.0,2.0,3.0,2.0,2.0,2.0,2.0,6,Slovenia,2.3643,3.7818,2.4851,2.527,2.4021,1.7514,2.3222666666666667,2.3371,1.91135,1.9138000000000002,-0.0153216666666669,-0.4658216666666668,-0.46827166666666686,-0.04252166666666701,-0.05735500000000027,-0.6282216666666669,0.022478333333332934,0.14737833333333317,0.10547833333333312,1.402178333333333,2.8770666666666664,2.2447,2.2544,1.8794333333333333,18.22,11.8,0.768,24.883383512496902,8.85
SI,2014,2.2347,3.7079,2.4337,1.7876,1.7145,2.1503,1.9629,1.8558,2.0648,3.0306,2.4467,2.4263,2.5013,1.8371,2.0,4.0,2.0,2.0,2.0,2.0,2.0,2.0,2.0,3.0,2.0,2.0,2.0,2.0,7,Slovenia,2.2347,3.7079,2.4337,2.4263,2.4467,1.8371,2.317066666666667,2.5013,1.87525,1.9324,-0.13654166666666656,-0.4388416666666668,-0.4959916666666666,0.1300583333333334,-0.05417499999999986,-0.5341416666666667,0.07545833333333318,0.05505833333333321,0.06245833333333328,1.3366583333333333,2.7921,2.228525,2.30285,1.8841333333333334,17.32,12.16,0.798,25.093024969101002,9.7
SI,2016,2.2183,3.7196,2.6205,1.9136,1.8286,2.2145,2.0713,1.9413,2.2394,3.0631,2.5938,2.5402,2.7571,1.9057,2.0,4.0,2.0,2.0,2.0,2.0,2.0,2.0,2.0,3.0,2.0,2.0,2.0,2.0,8,Slovenia,2.2183,3.7196,2.6205,2.5402,2.5938,1.9057,2.4146,2.7571,1.9924499999999998,2.02155,-0.26007999999999987,-0.45683000000000007,-0.4859300000000002,0.27871999999999986,-0.06377999999999995,-0.5726800000000001,0.11541999999999986,0.061819999999999986,0.1421199999999998,1.2412199999999998,2.8528,2.328775,2.4492,1.9855666666666665,18.97,12.36,0.796,24.3749246001244,8.008333
SI,2018,2.359,3.7678,2.5877,1.8582,1.8418,2.0836,1.9816,1.878,2.1371,3.064,2.4511,2.5081,2.6008,1.8693,2.0,4.0,2.0,2.0,2.0,2.0,2.0,2.0,2.0,3.0,2.0,2.0,2.0,2.0,9,Slovenia,2.359,3.7678,2.5877,2.5081,2.4511,1.8693,2.3597,2.6008,1.9199000000000002,1.9627000000000001,-0.07960999999999974,-0.4759099999999996,-0.5187099999999996,0.16219000000000028,-0.07890999999999959,-0.5693099999999998,0.012490000000000112,0.0694900000000005,0.14909000000000017,1.32919,2.904833333333333,2.265175,2.3573250000000003,1.9278666666666666,20.71,12.7,0.758,24.8633503913879,5.125
SI,2020,2.2154,3.5593,2.4238,1.8202,1.7066,2.0439,1.9895,1.8371,2.1389,3.086,2.5151,2.4838,2.6024,1.8755,2.0,3.0,2.0,2.0,2.0,2.0,2.0,2.0,2.0,3.0,2.0,2.0,2.0,2.0,10,Slovenia,2.2154,3.5593,2.4238,2.4838,2.5151,1.8755,2.3539999999999996,2.6024,1.9048500000000002,1.8752499999999999,-0.16554000000000002,-0.50569,-0.4760899999999997,0.22146,-0.026940000000000186,-0.5054399999999999,0.13416000000000006,0.10286000000000017,0.04286000000000012,1.17836,2.7328333333333332,2.262875,2.3692,1.8568999999999998,19.41,12.84,0.668,23.8136291503906,4.983333
SI,2023,2.2919,3.6762,2.5155,1.8875,1.8109,2.0972,2.0334,1.9338,2.1363,3.1458,2.5974,2.628,2.6466,1.9877,2.0,4.0,2.0,2.0,2.0,2.0,2.0,2.0,2.0,3.0,2.0,2.0,2.0,2.0,11,Slovenia,2.2919,3.6762,2.5155,2.628,2.5974,1.9877,2.4053,2.6466,1.9604499999999998,1.95405,-0.1744100000000004,-0.5122600000000004,-0.5058600000000006,0.1802899999999994,-0.06101000000000045,-0.4786100000000004,0.13108999999999948,0.16168999999999967,0.0491899999999994,1.2098899999999997,2.8278666666666665,2.312325,2.464925,1.9318666666666668,20.83,13.06,0.655,24.7194603085518,3.658333
