cntry,region,n,d_SD,d_UN,d_BE,d_TR,d_CO,d_SE,d_PO,d_AC,d_HE,d_ST,dim_openness,dim_transcendence,dim_conservation,dim_enhancement,below_min_n
AT,AT11,98,-0.01281327873739002,0.4503529321712484,0.7516288845981951,0.08961245192089337,0.3917282720483791,0.7674773678729713,-0.7384500577553573,-0.01646465649026879,-0.5437827168465031,-1.3566973545969037,-0.6377644500602657,0.6009909083847218,0.416272697280748,-0.377457357122813,False
AT,AT12,478,0.28863299229560774,0.5150371383993076,0.7709971333096799,-0.2548542384039068,-0.012456959099260645,0.5017097113239787,-0.8269717766813635,-0.15497507003540015,-0.2456740670160462,-0.8600410740128095,-0.27236071624441605,0.6430171358544937,0.07813283794027039,-0.4909734233583818,False
AT,AT13,401,0.5757819744443118,0.5668220705441775,0.720752048539788,-0.44129229818782634,-0.062312811522157535,0.47877690329508604,-0.7454533234974214,-0.1923809891515992,-0.2222452632509962,-0.9579774159300041,-0.2014802349122295,0.6437870595419828,-0.008276068804965894,-0.4689171563245103,False
AT,AT21,126,0.3044074892782599,0.48427288953340875,0.7847255507591736,0.038013415758445086,-0.3025587194412484,0.5750193922622343,-0.6881067635184228,-0.2494446954041125,-0.05411923668342941,-1.1588677705190122,-0.30285983930806043,0.6344992201462911,0.10349136285981038,-0.4691033032273601,False
AT,AT22,347,0.3187031861896858,0.6643033557741861,0.8367130646599035,-0.26050366151055904,-0.1566075184230155,0.6698205942397292,-0.7532660699942332,-0.4023978753490967,-0.09921909318301533,-1.1486336491046085,-0.3097165186993127,0.7505082102170448,0.08423647143538489,-0.5778319726716649,False
AT,AT31,413,0.2876082934578283,0.4885965118334284,0.6760773487167293,-0.3377648368828709,-0.2671228749203013,0.6788612633876723,-0.5522011520003116,-0.35503390454362677,-0.0469400277373903,-0.8193293035714199,-0.19288701261699395,0.5823369302750789,0.025653142331197677,-0.4536175282719693,False
AT,AT32,151,0.23506196569913143,0.4221549187439934,0.6622377795669419,-0.21004927889709737,-0.0989698258343377,0.5968619919449017,-0.5355212796022866,-0.41653046433606694,-0.03228187132461104,-0.821810356564063,-0.20634342072984752,0.5421963491554677,0.09594762907115557,-0.4760258719691768,False
AT,AT33,190,0.584300848754234,0.7319394784066191,0.8352655753480517,-0.2323256093237699,-0.41279773299536915,0.514033090595514,-0.7817002570047127,-0.4848670064365606,-0.17816606346510125,-0.9669191514925038,-0.18692812206779028,0.7836025268773353,-0.04369675057454165,-0.6332836317206367,False
AT,AT34,109,0.4413998508002886,0.38345036761373585,0.3388086728879998,0.1039727271039465,0.030140770813941047,0.44533633658360255,-0.5524711429279904,-0.36851163359569666,-0.2518289788321134,-0.7616284850447833,-0.19068587102553605,0.3611295202508679,0.19314994483383008,-0.46049138826184344,False
BE,BE10,104,0.43778424796272086,0.45953956678950175,0.6072383439924504,-0.007056669081389685,-0.3366687624116687,0.1658462414191969,-0.9515241594959886,-0.2782548026042997,0.22466194541417084,-0.5480299030662478,0.03813876343688135,0.5333889553909762,-0.0592930633579538,-0.6148894810501441,False
BE,BE21,319,0.5088537668286688,0.5869395431049889,0.912197074680157,0.06667613171239001,-0.29916276921218704,0.12623334195302655,-1.1365107770033278,-0.5110108852735133,0.1372249430593441,-0.6826346759951113,-0.01218532203569951,0.7495683088925729,-0.035417765182256825,-0.8237608311384206,False
BE,BE22,171,0.49860215177651085,0.6224549609591563,0.8858180617598372,0.15674026996180673,-0.24861500306606968,0.2570700584092191,-1.1473109876830125,-0.6417083327024794,-0.003997105866627603,-0.6965459267569267,-0.06731362694901454,0.7541365113594967,0.055065108434985376,-0.894509660192746,False
BE,BE23,215,0.40080156157165664,0.569561880347623,0.8949329145698927,0.031099353626767245,-0.21509182900932478,0.12516969666791103,-1.048042533918657,-0.45759917884986007,0.0984979172522671,-0.6807963503073576,-0.060498957161144624,0.7322473974587578,-0.019607592904882162,-0.7528208563842586,False
BE,BE24,174,0.32627752147344186,0.638311627644806,0.7664172639192885,0.08518964857869689,-0.26785214608232377,0.20344299576575417,-0.9969724471034304,-0.4152732265857557,0.04389713011152819,-0.7078281954470083,-0.11255118128734608,0.7023644457820474,0.006926832754042423,-0.7061228368445931,False
BE,BE25,186,0.2351156853952174,0.5184667955921439,0.7866651086066668,0.1833757178600839,-0.20535359024666774,0.20697876912193264,-1.0298852753558576,-0.5630244578031027,0.2696354426764269,-0.6748064558344136,-0.056685109254256405,0.6525659520994054,0.0616669655784496,-0.7964548665794802,False
BE,BE31,42,0.46066364702644536,0.5947822573941292,0.6152462216120831,0.09846210468718186,-0.4974129738932387,0.27640412715702284,-1.2497640832405448,-0.6640003603892248,0.5318310314377372,-0.48049800245876845,0.17066555866847144,0.6050142395031062,-0.04084891401634466,-0.9568822218148849,True
BE,BE32,150,0.30771353972021265,0.7219761458983437,0.855189133941862,0.11307769878704611,-0.48261975170536214,0.31417534176734313,-1.2278632633615167,-0.5785885016569527,0.14173450857981806,-0.52177759794798,-0.024109849882649744,0.7885826399201028,-0.018455570383657628,-0.9032258825092346,False
BE,BE33,135,0.11303965456544657,0.6217152246865513,0.6723174873796044,0.1292337893786967,-0.3515385699749072,0.3322750198704262,-0.9766543983832676,-0.35131387815074366,0.18104611959430375,-0.6793917345916433,-0.12843532014396436,0.6470163560330778,0.03665674642473855,-0.6639841382670056,False
BE,BE34,30,0.462528709349739,0.6823525820441203,0.8198814066251052,0.1880467326441061,-0.4808037967181309,-0.006361726473254047,-1.112557787244207,-0.5206714396908096,0.22222581927992005,-0.5964891324694582,0.029421798720066963,0.7511169943346129,-0.09970626351575962,-0.8166146134675084,True
BE,BE35,51,0.2875124156018384,0.7496069287730431,0.7086621187456479,0.13271775181776865,-0.27103673445506604,0.1881256863335804,-1.4224026761864494,-0.5130712932884751,0.21627714136605974,-0.4341401228146148,0.023216478051094485,0.7291345237593455,0.016602234565427657,-0.9677369847374622,False
BG,BG31,260,0.16653889672236816,0.349319645408195,0.5447735342110133,-0.0863874319040531,-0.1887986100552137,0.7451721748574743,-1.2187022709398208,0.12530257558490057,-0.1097204645895123,-0.5113299239592376,-0.15150383060879388,0.4470465898096041,0.1566620442994025,-0.5466998476774603,False
BG,BG32,269,-0.060766398040027494,0.21630724210053237,0.4014611163373734,0.13155831308471375,0.11583706358945256,0.41758686682436463,-0.5176450568750035,0.20783188853212717,-0.3594759596482709,-0.6539735744638036,-0.35807197738403396,0.3088841792189529,0.22166074783284365,-0.15490658417143818,False
BG,BG33,256,0.1515683777928815,-0.025301144074962725,0.20396860026990848,-0.2399635660751645,-0.009944809404552899,0.4326751292390565,-0.3017034780135493,0.3396885387192334,-0.2248185463562121,-0.31628567652822837,-0.12984528169718634,0.08933372809747286,0.0634290912288858,0.018992530352842017,False
BG,BG34,318,-0.01988894491019896,0.1198792978115131,0.42155119065480273,-0.06389205191540881,0.09040147672337227,0.3734668892311611,-0.5814835148786893,-0.0038624620262958436,-0.08268095896270558,-0.30923585109428703,-0.13726858498906386,0.2707152442331579,0.13332543801304153,-0.2926729884524925,False
BG,BG41,638,0.2567229725004187,0.23084108304685988,0.5264595381858861,-0.37134057063512965,-0.31469806523215776,0.2930146206144664,-0.6252339073863662,0.10593737635945892,-0.02351266805688115,-0.2018414059636681,0.010456299493289821,0.378650310616373,-0.1312895372873018,-0.2596482655134536,False
BG,BG42,481,-0.00970128868960863,0.2686804360422474,0.5111607521110033,-0.07392546534993041,0.22312672762122276,0.5007781385158687,-0.5749464589548156,-0.019637359921027026,-0.4371424776938015,-0.507222560063948,-0.318022108815786,0.3899205940766254,0.21935751734150594,-0.29729190943792133,False
CH,CH01,273,0.5145670081263641,0.6591383470458837,0.7426539743390208,-0.12382265797892397,-0.5866541299293486,0.21485073657076378,-1.0728938699238513,-0.5949004503048025,0.3800646458780448,-0.4725300130105254,0.14070054699796117,0.7008961606924523,-0.1652086837791696,-0.8338971601143269,False
CH,CH02,346,0.5838198350026819,0.7002496252714266,0.8831139776281035,0.06203368904949751,-0.5120402710930948,0.15881900247205993,-1.047770677309412,-0.7582856165460748,0.23494541357583296,-0.6566470003124221,0.05403941608869757,0.7916818014497652,-0.09706252652384578,-0.9030281469277434,False
CH,CH03,172,0.6243585926877013,0.7100025445731335,0.9349102981060923,-0.020285160639284823,-0.5175780115394556,0.2537424249126119,-1.0026701502818085,-0.6995891779583762,0.21105984838034259,-0.8465980901101576,-0.0037265496807045813,0.8224564213396127,-0.09470691575537614,-0.8511296641200923,False
CH,CH04,205,0.7332384823627249,0.7708830353278872,0.9004112344274736,-0.12031064890331122,-0.7245889834798079,0.12021026728403655,-1.0886802941743663,-0.6170886453720588,0.1754132415075786,-0.5524039184123348,0.11874926848598957,0.8356471348776802,-0.24069949866859547,-0.8528844697732126,False
CH,CH05,185,0.6634293181517874,0.7095131747390062,0.9629506240988809,0.00013672256977832815,-0.6933355260810191,0.07400616950348367,-0.9295202468679513,-0.7256719009463614,0.2528012022075375,-0.6982615801321412,0.07265631340906126,0.8362318994189435,-0.20639754466925242,-0.8275960739071564,False
CH,CH06,145,0.6028523386933585,0.6100343843115392,0.8795821123218274,0.06267446889779787,-0.43706122092500954,0.2511496003864835,-0.9615974932763927,-0.651378611313698,0.06759223380080337,-0.742168930120575,-0.023908119208804406,0.7448082483166834,-0.0410790505469094,-0.8064880522950453,False
CH,CH07,41,0.6511252131490939,0.6558887845688633,0.8414025270743608,-0.38182933106572564,-0.6170573783641327,0.05569996502779164,-0.8117064520151817,-0.40522981718488865,-0.08057730526169679,-0.31218634092718106,0.08612052232007196,0.748645655821612,-0.3143955814673555,-0.6084681346000352,True
CY,CY0,665,0.39877343564894513,0.5214196770166936,0.6117482417026324,0.3040821592512222,-0.25874669080853996,0.7351732536800613,-0.923594637023459,-0.5582078964731598,-0.4765842067593671,-0.6227050728621523,-0.23350528132419138,0.566583959359663,0.26016957404091456,-0.7409012667483094,False
DE,DE1,328,0.6239055995322802,0.7318495074658906,0.9901588714571937,-0.04731060748910077,-0.455155000957326,0.32202582261740675,-1.1135126222015053,-0.6823088226831902,-0.004115527464568847,-0.7307419140297684,-0.03698394732068569,0.8610041894615421,-0.06014659527633996,-0.8979107224423476,False
DE,DE2,393,0.5324649887321217,0.7368878379054717,1.033165269897556,-0.056796499029949564,-0.4450554253048952,0.49677031013064005,-0.98391003356083,-0.7074077473891695,-0.042016656839286744,-0.9375445249272807,-0.14903206434481522,0.8850265539015136,-0.001693871401401561,-0.8456588904749996,False
DE,DE3,81,0.5977793695518533,0.832313001677493,0.9106015396991136,-0.22867479815035785,-0.4790372500389006,0.4171281153688638,-1.2065922924065533,-0.7002618262045586,0.09950892753136845,-0.6603939247744075,0.012298124102938046,0.8714572706883033,-0.09686131094013158,-0.9534270593055558,False
DE,DE4,71,0.6373227409675823,0.6087456198821902,0.9569724324725508,0.0678141868996643,-0.4167239605996408,0.5746815261661801,-1.3827267323944032,-0.556237583070452,0.15026662150269926,-0.9325221923823933,-0.048310943304037214,0.7828590261773702,0.07525725082206784,-0.9694821577324279,False
DE,DE6,38,1.0302939641429423,1.1422095092805942,1.2704900476455683,-0.32847648212053426,-0.5289373140548299,0.056231157273996184,-1.2245574644379342,-0.9231292067298206,-0.1823985826197435,-0.8870284786851307,-0.013044365720643963,1.2063497784630812,-0.26706087963378927,-1.0738433355838772,True
DE,DE7,180,0.521951999394211,0.8140176027499133,0.972670898032983,-0.11129333777463245,-0.3012978172769735,0.45619917282617245,-1.2937253723864066,-0.7305774613822653,0.03925842324867828,-0.7506800808911617,-0.0631565527494241,0.893344250391448,0.014536005924855492,-1.0121514168843357,False
DE,DE8,34,0.5903361344537815,0.8991596638655462,0.8844537815126051,0.016806722689075616,-0.49789915966386555,0.6050420168067228,-1.4096638655462188,-0.689075630252101,0.2079831932773109,-1.0567226890756303,-0.08613445378151263,0.8918067226890756,0.04131652661064425,-1.0493697478991597,True
DE,DE9,190,0.3601630862231194,0.6144169231012038,0.7212343599210047,0.15068772149531634,-0.3576771905608914,0.3586896998015978,-0.909818314854721,-0.5876799758893604,0.08326197447100386,-0.7454108114066802,-0.10066191690418562,0.6678256415111044,0.05056674357867424,-0.7487491453720405,False
DE,DEA,605,0.6469018730800128,0.7719557733295156,1.063730665422806,-0.033005198070804515,-0.39106343002633925,0.5224034625268908,-1.1339850388872086,-0.8769329588062298,0.05742086725560355,-1.021332909548376,-0.10567005640425317,0.9178432193761609,0.032778278143249,-1.005458998846719,False
DE,DEB,101,0.617392904704004,0.7494061060241359,1.0035315185653901,-0.0855773923256987,-0.40735957054352034,0.3946206274762814,-1.1449833329197576,-0.6796367982662926,-0.055874422028669025,-0.7439932339098569,-0.06082491707817393,0.876468812294763,-0.032772111797645886,-0.9123100655930249,False
DE,DEC,26,0.6852564102564103,0.8326923076923077,0.8967948717948719,-0.14166666666666672,-0.21858974358974367,0.589102564102564,-1.4493589743589745,-0.48782051282051286,-0.026282051282051293,-1.1032051282051283,-0.14807692307692313,0.8647435897435899,0.07628205128205127,-0.9685897435897437,True
DE,DED,115,0.38042925349807233,0.6253814303455564,0.9725522008685522,0.08686895986144764,-0.5917568340912565,0.4450688260920015,-1.073817084604817,-0.6120475413869534,0.2501425129535253,-0.7426110261721716,-0.03734641990685797,0.7989668156070543,-0.019939682712602467,-0.8429323129958851,False
DE,DEE,63,0.49028215383503704,0.5940170062310767,0.9698247521576093,0.11915365913428165,-0.3815844798050164,0.5306007135602042,-1.1797421619079698,-0.6229670525843445,0.14364051420968021,-0.955527790798636,-0.10720170758463954,0.7819208791943428,0.08938996429648983,-0.9013546072461572,False
DE,DEF,99,0.7662656730332855,0.9264323168646604,1.170370072049971,-0.02519011877879186,-0.6476073914220625,0.37702953967895486,-1.3475695983594627,-0.8265403292260626,0.0010508789347559774,-0.8584990746951182,-0.030394174242358976,1.0484011944573157,-0.09858932350729982,-1.0870549637927627,False
DE,DEG,57,0.40149021077577307,0.6369296109729549,0.9208537820954358,0.23768525694898998,-0.37520181705983047,0.6071251346173274,-1.2984881788411144,-0.8879536530987857,0.3023775269308461,-0.8179935406158929,-0.03804193430309122,0.7788916965341953,0.16177408465950857,-1.09322091596995,False
EE,EE00,1282,0.4834308814726138,0.6144283241559496,0.7148820589841219,0.09413907391926835,-0.2559549835612639,0.53426427383103,-1.1826678837264508,-0.7139944260474326,-0.07351577590338428,-0.5130049933396493,-0.03429793981188348,0.6646551915700358,0.12414945472967816,-0.948638710946579,False
ES,ES11,145,0.6835747496791919,1.1133540728204996,1.2101919526915557,0.3323098860198539,-0.07126052324494717,0.9890504603250773,-1.7992100804645783,-1.2157545306964452,-0.566692275336542,-1.2315846610889642,-0.3715673955821048,1.1617730127560277,0.41669994103332797,-1.5074823055805116,False
ES,ES12,18,0.36482979933308274,0.7559652680038945,0.9140828851089419,0.6441526865550654,-0.263049226395872,0.8290656138266135,-0.8168680105300736,-1.1537344744965332,-0.8027429078686934,-0.8496842675383726,-0.4291991253579944,0.835024076556418,0.40338969132860225,-0.9853012425133032,True
ES,ES13,29,0.7337125312694925,0.6006952941414716,1.145172370853847,0.39078157555042636,-0.4358743605798225,0.4571756122617329,-1.7749579771928357,-0.8179043083575437,0.20277273207313196,-0.8524755001991605,0.028003254381154745,0.8729338324976591,0.13736094241077892,-1.2964311427751902,True
ES,ES21,100,0.31329022881189705,0.7926081288900878,0.9651722984287506,0.3224077811394701,-0.352213341145157,0.3777178604435289,-1.2206483677370552,-0.7009715539284562,-0.00017323785363626193,-0.9070770744212859,-0.19798669448767506,0.8788902136594189,0.11597076681261397,-0.9608099608327557,False
ES,ES22,47,0.773777670587647,1.1154871402846684,0.9432700555280236,0.3794354256914722,-0.40959391997137207,0.17998720902228815,-1.3738390251912556,-0.9061667877970948,-0.3552570777534874,-0.8582600157642442,-0.14657980764336154,1.0293785979063463,0.049942904914129414,-1.1400029064941752,True
ES,ES23,7,0.24434936257947912,1.163199626902349,1.2196750149887305,-0.38461380441146037,-0.9895128458485074,0.7670254278630996,-1.2261765414851866,-0.5163906567710298,-0.2609130725218642,-0.5982423247467845,-0.20493534489638984,1.1914373209455398,-0.20236707413228933,-0.871283599128108,True
ES,ES24,50,0.49105336457827187,0.6975701752646972,0.9294858478979919,0.4646939111312571,-0.08589495889672964,0.6182625774175667,-1.6328729530459578,-0.8702517899659173,-0.09811052397735735,-0.8618802521196411,-0.15631247050624222,0.8135280115813442,0.3323538432173647,-1.2515623715059374,False
ES,ES30,277,0.5928206093555348,0.7367754493407057,0.8561636592768324,0.016226392904839803,-0.4251871132832616,0.4374811701819422,-1.1471132681270133,-0.6867803206467039,-0.11243847335938537,-0.6271841934834107,-0.048934019162420406,0.7964695543087691,0.009506816601173482,-0.9169467943868586,False
ES,ES41,115,0.6319720167722618,0.9486013314140698,1.1475961803109105,0.2848495506985471,-0.22534469350366246,0.8540492007466168,-1.6843329647247733,-1.1530137855764127,-0.10329166554373112,-1.1957787018936052,-0.2223661168883582,1.0480987558624903,0.3045180193138339,-1.418673375150593,False
ES,ES42,88,0.6160405820735748,1.0049161119777954,1.2441996191897686,0.7232616555634643,-0.2518922045236805,0.6312324705414379,-1.6858894117590202,-1.1927876685724652,-0.4797377301256385,-1.131002659180322,-0.3315666024107951,1.124557865583782,0.36753397386040726,-1.4393385401657426,False
ES,ES43,59,0.17517283689928997,0.8981280910423108,1.0945426749236393,0.5439329159061732,0.021945974535283002,0.5946912210512119,-1.4131481141815747,-1.1501686741424775,-0.3612001933249864,-0.8427671885552089,-0.34293151499363517,0.996335382982975,0.3868567038308894,-1.281658394162026,False
ES,ES51,233,0.6261505026270927,0.8225849775714152,1.0137404359233475,0.17311429259688355,-0.42505039331515787,0.5887313630436626,-1.3282358434706316,-0.9653446236581141,-0.020998714867004005,-0.9264176587868695,-0.10708862367559363,0.9181627067473812,0.11226508744179604,-1.146743516044897,False
ES,ES52,187,0.5646716866296558,0.7008700041411768,0.8914553289262119,0.20930796127665852,-0.13260575675496825,0.6050546995600493,-1.3948456607613964,-0.906618151245929,-0.09790837440872424,-0.7894192751832626,-0.10755198765411035,0.7961626665336944,0.2272523013605798,-1.1507319060036627,False
ES,ES53,23,0.008704204784667309,0.9442681075162245,1.0627083458925564,0.6737782168176424,0.4447938272830907,0.8505819326221206,-1.2552210496143563,-1.212014647487513,-0.6148882322670552,-1.4355308781740177,-0.6805716352188017,1.0034882267043903,0.6563846589076179,-1.2336178485509348,True
ES,ES61,326,0.5780681036969254,0.6695973524861002,0.941756098137435,0.22829399476309803,-0.2748119424804714,0.7004129545746846,-1.3703166599806587,-0.8431898214975453,-0.14202751219355872,-0.8156266353279892,-0.12652868127487424,0.8056767253117676,0.21796500228577037,-1.1067532407391019,False
ES,ES62,52,0.5468039305504048,0.817218293727931,0.9248879485455868,0.29933136755328926,-0.2591426583244066,0.5198762618401402,-1.3925602042746401,-0.8423819824866998,-0.30895691841594036,-0.7117900430100983,-0.157981010291878,0.8710531211367589,0.18668832368967433,-1.11747109338067,False
ES,ES64,1,1.1190476190476186,0.9523809523809517,1.6190476190476186,0.11904761904761862,-0.8809523809523814,-1.3809523809523814,-1.8809523809523814,0.11904761904761862,0.6190476190476186,-0.8809523809523814,0.2857142857142853,1.2857142857142851,-0.7142857142857147,-0.8809523809523814,True
ES,ES70,77,0.5463773962527245,0.39871131064846266,1.092740390360354,0.27057648067407103,-0.0948168600299483,0.38354699522237257,-0.7218219450902091,-0.4740977480517862,-0.45066682926790935,-1.1401774615935052,-0.3481556315362301,0.7457258505044083,0.18643553862216508,-0.5979598465709977,False
FI,FI19,410,0.5111055974142831,0.8090606663438537,0.9531894902480202,-0.19935339111770944,-0.14437446455684005,0.3770445770845005,-1.3478257433956538,-0.9253161270265867,0.11512924905350294,-0.5631184258262468,0.021038806880513072,0.8811250782959368,0.011105573803316992,-1.1365709352111202,False
FI,FI1B,440,0.49124784466294946,0.858795081590694,0.888366024126819,-0.47313430804927037,-0.21693593585840973,0.38408214404650376,-1.3767930208069754,-0.7879246205247652,0.26071236638197187,-0.4448953916988332,0.10235493978202938,0.8735805528587566,-0.10199603328705878,-1.0823588206658703,False
FI,FI1C,332,0.5088601129575144,0.8467601307010398,0.9547823914715101,-0.29513693634862426,-0.16951817532564745,0.4110930712431096,-1.427528510049619,-0.9504811510062332,0.2085927304771704,-0.5196701221026389,0.06592757377734865,0.9007712610862749,-0.01785401347705403,-1.189004830527926,False
FI,FI1D,331,0.4035899169753532,0.8778099079289001,0.9071860567508964,-0.19432767601263595,-0.04815755790443468,0.46852286211707,-1.5050023733217408,-0.9073558342657679,0.1663937959983161,-0.6033862702608709,-0.011134185762400543,0.8924979823398983,0.07375313471957047,-1.2061791037937544,False
FI,FI20,8,0.5004451926351303,0.25048875946948146,0.6560169465493376,-0.2959793196522777,-0.5387420969660668,0.6554278361729395,-0.8184070636930089,-0.7754244096274082,0.334172641256232,-0.0932428658791002,0.24712498933742072,0.45325285300940954,-0.05976452681513498,-0.7969157366602087,True
FR,FR10,254,0.39269617252241684,0.725368496346684,0.8045696631941869,0.16933321610089613,-0.3750619031888352,0.5159007435548888,-1.3725352258833095,-0.962984082765057,0.3628609351555042,-0.6431819369556961,0.03745839024074165,0.7649690797704355,0.10339068548898328,-1.1677596543241833,False
FR,FRB0,91,0.3036408062029607,0.8059074275956919,0.7248669826518729,0.12115384420665377,-0.27870276936604416,0.2852713118679969,-1.205234361928159,-0.7644884344426347,0.187571622079074,-0.5767838861697206,-0.028523819295895377,0.7653872051237824,0.04257412890286887,-0.9848613981853968,False
FR,FRC1,47,0.1153980348968512,0.8118641604445059,0.8775560704592631,0.30232152800120476,-0.2392721527049554,0.4556717301790547,-1.3635227139654524,-1.0029489323707823,0.45984961941618946,-0.8039102990870366,-0.07622088159133192,0.8447101154518846,0.17657598632897697,-1.1832358231681175,True
FR,FRC2,39,0.25800163051891795,0.538694099004106,0.7456544331837146,0.33135451018544515,-0.14718473428904671,0.18540370886257107,-1.0354058425791044,-0.8335223960748757,0.2849049018064508,-0.591712844642351,-0.016268770772327454,0.6421742660939104,0.12319116158632318,-0.93446411932699,True
FR,FRD1,22,0.49352599575452716,1.0475879105348833,0.9368855426611508,-0.05517561841412706,-0.33091852368964353,0.28957755596209006,-1.422605954178934,-1.000997819246789,0.07229645503764068,-0.5539694996882402,0.003950983701309232,0.9922367265980172,-0.032172195380560174,-1.211801886712862,True
FR,FRD2,61,0.22133634155526716,0.696927324735509,0.9080671944244335,0.14262533920409315,0.2398836300247172,0.9845945492978325,-1.0303050687602582,-1.2950438522267946,-0.45775647503292494,-0.7906684171620532,-0.34236285021323687,0.8024972595799711,0.4557011728422142,-1.1626744604935264,False
FR,FRE1,112,0.24349307083496438,0.6678811886070225,0.9057192977965651,0.13944831839035204,-0.3529965190814481,0.30481214969419607,-1.1874995662687997,-0.702514201354349,0.30861314790153427,-0.6502210957886274,-0.03270495901737627,0.7868002432017939,0.0304213163343667,-0.9450068838115744,False
FR,FRE2,57,0.33230566638595993,0.7700317613712655,0.7011146000165804,0.07991984733942767,-0.08413432753333293,0.42265199273761417,-1.2700470135352033,-1.0551336480183195,0.3879813374821207,-0.6353066997623749,0.02832676803523526,0.735573180693923,0.13947917084790296,-1.1625903307767613,False
FR,FRF1,57,0.2727395638532319,0.7373747123693152,0.8695271160848952,0.18953601749844284,-0.3451363671370452,0.395108314477123,-1.1572039161394492,-1.2153656398369408,0.42048671986089814,-0.5427042989500989,0.050173994921343716,0.8034509142271052,0.07983598827950693,-1.1862847779881949,False
FR,FRF2,29,0.44618637449152043,0.7731109795001939,0.972573662279664,-0.3033770109255084,-0.41238629461036885,0.5448622538907119,-1.4461437907942343,-0.9528215503139859,0.5836329479783043,-0.5484082506805911,0.16047035726307787,0.8728423208899289,-0.056967017215055135,-1.19948267055411,True
FR,FRF3,68,0.31553789236880175,0.8252624640985885,0.7544685826499545,0.084864092449081,-0.0025406550096751636,0.5117409183314149,-1.4214439751166805,-1.0976509407563633,0.3010343145568315,-0.6827645947315738,-0.022064129268646825,0.7898655233742715,0.19802145192360693,-1.2595474579365218,False
FR,FRG0,130,0.24978783017100065,0.7734613358562559,0.8115854058524508,0.08417255302110244,-0.4324554541053476,0.43741184965618535,-1.3517448464623416,-0.8229341073163656,0.404311302981408,-0.5950162426157527,0.01969429684555204,0.7925233708543532,0.029709649523980076,-1.0873394768893536,False
FR,FRH0,114,0.41769004362365514,0.8840581774306231,0.8199432055675532,-0.055806288654470716,-0.27459193130458215,0.3461981068279843,-1.3666567240962335,-0.8126772847020521,0.38298429503015724,-0.8181673026450484,-0.00583098799707863,0.8520006914990882,0.005266628956310469,-1.0896670043991428,False
FR,FRI1,93,0.5647430680859153,0.9069187847126082,0.892540232281398,0.06322793491046795,-0.524370487936898,0.310336361259612,-1.4411618451032666,-1.2693501836794892,0.4429567951873223,-0.39365375349706383,0.2046820365920579,0.899729508497003,-0.050268730588939325,-1.3552560143913779,False
FR,FRI2,23,0.5718230115666468,0.8208999743693909,0.9373403537652975,0.503992957522594,-0.28677302768871565,0.41878103637645087,-1.333858040916368,-1.122671107362303,0.016570370297564602,-0.9224742210480064,-0.11136027972793164,0.8791201640673444,0.2120003220701097,-1.2282645741393354,True
FR,FRI3,60,0.2773569367943812,0.8781391602939828,0.8570764116815502,0.024264419981965667,-0.33612190941217696,0.4821334162764512,-1.369748150061051,-1.0661078479492139,0.47876483108048934,-0.6839759546374279,0.02404860441248088,0.8676077859877666,0.056758642282079975,-1.2179279990051324,False
FR,FRJ1,60,0.5548657112713469,0.7464127841301718,0.7011689412437112,0.23360446449311592,-0.23275352009893738,0.568069290875829,-1.4609342807517343,-0.988680458939318,0.4187247998123492,-0.8913157416204132,0.02742492315442766,0.7237908626869416,0.18964007842333586,-1.2248073698455264,False
FR,FRJ2,86,0.47317141215557346,0.9322891716760391,1.090821917821694,0.12079847744079947,-0.3435963955243366,0.28774964993301794,-1.5552913557348975,-1.211504058657464,0.4057259312430164,-0.6671488500608201,0.07058283111258991,1.0115555447488667,0.021650577283160288,-1.3833977071961807,False
FR,FRK1,43,0.5291810525528691,0.7293552390222543,0.9153811151034041,0.29729527983871284,-0.18740564684347405,0.3686183536956664,-1.5367754866202739,-1.2049603773742232,0.3610345156369403,-0.6112255433399538,0.09299667494995187,0.8223681770628292,0.1595026622303017,-1.3708679319972485,True
FR,FRK2,203,0.5524090513496231,0.7272346733814592,0.9150520195522729,0.03501900091006276,-0.3795787368627455,0.36150110271194896,-1.2526823931455255,-1.0460058902212832,0.2607654837065888,-0.5513245713909253,0.08728332122176224,0.8211433464668659,0.005647122253088749,-1.1493441416834045,False
FR,FRL0,95,0.3926865860160914,0.7737331285648393,0.8054863866073437,-0.017007323179932757,-0.30145396657632,0.5177231930008608,-1.150927740040274,-1.1508520002645466,0.3165836340251909,-0.5953112041752737,0.03798633862200288,0.7896097575860918,0.06642063441486928,-1.1508898701524104,False
GB,UKC,74,0.6166181382468696,0.9972862667686326,1.0605780120112842,-0.0006926528519213337,-0.3137248172883739,0.46976623245719845,-1.3311361475154138,-0.6596180789512603,-0.521306205636787,-0.8420134087664988,-0.24890049205213868,1.0289321393899582,0.05178292077230107,-0.9953771132333369,False
GB,UKD,163,0.5586980515614496,0.6633444386047102,0.8924804238957763,-0.03039026496280975,-0.24386339841778984,0.48180692644075046,-1.1014991350997352,-0.4124523839546184,-0.4267041346931875,-0.699953374282181,-0.18931981913797297,0.7779124312502432,0.06918442102005028,-0.7569757595271769,False
GB,UKE,124,0.46498231878446045,0.7649315817838988,0.810076234686126,-0.09283999204484858,-0.4798049291484541,0.35622356846671727,-1.2101378191632264,-0.6146283626692711,-0.08424857076900248,-0.32806974044550513,0.017554669189984204,0.7875039082350123,-0.06940861627086839,-0.9123830909162489,False
GB,UKF,155,0.43676669534228385,0.606461956032324,0.7691822018382087,-0.036595732624356475,-0.20921503603787428,0.4936794126936796,-1.00376989266768,-0.48827956482321505,-0.31231804799918395,-0.5813621245900613,-0.15301884834852644,0.6878220789352665,0.08262288134381628,-0.7460247287454475,False
GB,UKG,133,0.44762745155474154,0.6317110418242837,0.8688701187342728,0.12221166390565055,-0.33466138675395074,0.4596209964364591,-1.1670369952358917,-0.49919298237396736,-0.332342759437187,-0.5741102955088391,-0.15294186779709487,0.7502905802792782,0.08699218276088544,-0.8331149888049295,False
GB,UKH,145,0.44750587714293205,0.7132122925348173,0.8229856750193598,-0.07446224495706524,-0.40142075031350577,0.3978733150047307,-1.0684278968544103,-0.4728829233505684,-0.23008549449076923,-0.4995479786007964,-0.09404253198287786,0.7680989837770885,-0.026003226755280117,-0.7706554101024894,False
GB,UKI,124,0.4084798270218896,0.6955267358901625,0.622750159597422,-0.03796792325579631,-0.5499011552037455,0.3660021924488438,-0.8015682846640659,-0.2598779437503472,-0.2986288490925388,-0.5272871058358419,-0.14006800944199976,0.6591384477437922,-0.07265220098710773,-0.5307231142072066,False
GB,UKJ,212,0.5706358282238138,0.8218603400374295,0.8554239565095069,-0.041108508713070556,-0.38008074687844073,0.31024162394435567,-1.098795389729927,-0.4905345678193802,-0.3469110013350076,-0.6410183192689971,-0.13909783079339694,0.8386421482734681,-0.036982543882385234,-0.7979406471712275,False
GB,UKK,153,0.5531126106145146,0.8609415463305305,0.8859496626252119,-0.1135763732354584,-0.4298932822203312,0.3935409422021162,-1.200303693804573,-0.623756009169695,-0.23200804300799818,-0.600970601701785,-0.09328867803175621,0.8734456044778712,-0.049976237751224464,-0.9214532282992847,False
GB,UKL,53,0.43442051072591037,0.6360944686135481,0.8722141850751021,0.009064366492669233,-0.3668241955517736,0.11253055786786782,-0.8993980458314472,-0.6171081873982897,-0.08163272506103866,-0.4535840950380981,-0.033598769791075414,0.7541543268443252,-0.08174309039707883,-0.7582531166148684,False
GB,UKM,154,0.3881444309957829,0.7480799631320615,0.8624562240703815,0.10431567779428137,-0.3000063822947529,0.4134598383283496,-1.005355804578915,-0.6600509674377604,-0.4057794620653389,-0.5406437696549032,-0.18609293357481974,0.8052680936012213,0.07258971127595934,-0.8327033860083378,False
GB,UKN,46,0.331834357965756,0.5543231791371462,0.6079544445743327,0.19276212395540004,-0.2480485000831621,0.33464886002544664,-0.96925881369475,-0.34932532664252286,-0.06770070313710388,-0.6469280075389289,-0.1275981175700923,0.5811388118557396,0.09312082796589484,-0.6592920701686362,True
GR,EL30,922,0.44985613603896735,0.25405393392713566,0.4887019742293688,-0.02765660483738448,-0.5085900809811185,0.7237068471022581,-0.6527495500247835,-0.4999455540424372,0.02150144693018665,-0.3814790943606062,0.029959496202849246,0.3713779540782522,0.06248840024957277,-0.5763475520336103,False
GR,EL41,46,0.21671638777910138,0.14644911650044307,0.5672291543059597,0.019161487330336728,-0.2249694979550543,0.533370648280173,-0.40999528999545337,-0.10154106631680504,-0.4728115714225639,-0.4114464461595153,-0.22251387660099262,0.3568391354032014,0.12438333820661132,-0.25576817815612923,True
GR,EL42,61,0.07368031636602651,-0.11992297438912873,0.3782730965081361,0.08920950963526579,-0.12075149426553991,0.42740505473131957,-0.15965725350005322,0.008096930034876776,-0.18727697960290482,-0.3252123616880204,-0.14626967497496626,0.12917506105950366,0.13195435670034847,-0.0757801617325882,False
GR,EL43,178,0.17634306647877218,0.5169485979792421,0.5728544657283768,0.2941467134593353,0.1271154404108118,0.7921736479423069,-0.654441777135378,-0.4353246889839103,-0.8085502700157654,-0.8569856895722681,-0.49639763103642043,0.5449015318538095,0.4044786006041515,-0.5448832330596441,False
GR,EL51,159,0.44347630665077653,0.2543001011417351,0.4302940622324022,-0.04743947367201161,-0.24485954695951453,0.6294061542487367,-0.5568120895094733,-0.4822117736426725,-0.037841034601452994,-0.5113814741160275,-0.03524873402223468,0.3422970816870687,0.1123690445390702,-0.5195119315760728,False
GR,EL52,489,0.1843673997229396,0.29534232531883287,0.4954054839533272,-0.10378488241210011,-0.22378254346028484,0.5583026359675473,-0.6054955138807515,-0.27852224196040515,0.02672145751127298,-0.4947642684490831,-0.09455847040495687,0.39537390463608,0.07691173669838745,-0.44200887792057836,False
GR,EL53,72,-0.03480664128810575,0.4318910492605385,0.5801576161638626,0.5855852707751017,0.1658051650025765,0.44137276094986855,-0.916201257508821,-0.49016310918633554,-0.20295410609736952,-0.7766322727015853,-0.33813100669568674,0.5060243327122006,0.39758773224251565,-0.7031821833475782,False
GR,EL54,75,0.210968981078984,0.27811913365222457,0.432132248332701,0.19599219352928876,-0.10991891785426029,0.36738426534737323,-0.7994210080492189,-0.25092128090191834,-0.0793690491364041,-0.3840261328248815,-0.08414206696076719,0.3551256909924628,0.1511525136741339,-0.5251711444755686,False
GR,EL61,191,0.3859806254835378,0.4280335381461479,0.45721882431406513,0.1230196769383624,-0.03858740860746674,0.8511081015756744,-0.7550815595595815,-0.3660288333297365,-0.47583463152856087,-0.8238451025055162,-0.30456636951684646,0.44262618123010644,0.31184678996885673,-0.560555196444659,False
GR,EL62,52,0.37289667071620014,0.20563584999773166,0.39451551882581437,-0.3271369499267553,-0.2408807565301331,0.5492848093187489,-0.45110793749677963,0.267887902203406,-0.4092481403375666,-0.4576111917764421,-0.1646542204659362,0.30007568441177307,-0.006244299046046484,-0.09161001764668682,False
GR,EL63,200,0.3861271773968641,0.3264537971119233,0.2122928035338454,0.42455777467607,-0.26694911830820445,1.0596481472590669,-0.9050480443886926,-0.6374226408080661,-0.1654066268204449,-0.605798983695568,-0.12835947770638292,0.26937330032288437,0.4057522678756441,-0.7712353425983793,False
GR,EL64,166,0.3228036010991571,0.6077193920605756,0.7543208366831994,0.29682171125491125,-0.03998141646110653,0.8305939610149109,-1.261204001552152,-0.5948226990197177,-0.7591061093825281,-0.46048715336990576,-0.29892988721775887,0.6810201143718875,0.3624780852695718,-0.9280133502859349,False
GR,EL65,137,0.2947292430174337,0.3329938624680757,0.37232205556522185,0.15792396248390167,-0.4125203221927647,0.8881562942306312,-0.7369109345755259,-0.7068033032119325,-0.0012790935472952111,-0.3637024210601606,-0.023417423863340694,0.35265795901664876,0.21118664484058944,-0.7218571188937292,False
HR,HR02,413,0.16000889147527414,0.6406674618519594,0.7464465031970045,0.1907679536877462,0.10718284225281258,0.5947558742364407,-0.8941425828296137,-0.3496531282391775,-0.3282275013506092,-1.2075744925205218,-0.45859770079861895,0.6935569825244818,0.29756889005899984,-0.6218978555343957,False
HR,HR03,494,0.17225952745200127,0.6125240171986635,0.7947444763331694,0.2689951445478251,0.32507386409693834,0.6106647902750376,-0.8402286741924301,-0.49849073203507227,-0.4307587144900634,-1.2614259491936906,-0.506641712077251,0.7036342467659165,0.40200517843672284,-0.6693597031137511,False
HR,HR05,270,0.32340531165068787,0.5527668566364592,0.803441039971153,0.20016642279632096,0.03495626206610475,0.7419606696943865,-0.7246418285801507,-0.30548346095904905,-0.6071172061244923,-1.3009972379312666,-0.528236377468357,0.678103948303806,0.32569445151893733,-0.5150626447696,False
HR,HR06,372,0.12282449269996067,0.5694038928848817,0.7568531128725973,0.5841308357780898,0.13555851352512746,0.6949891650834708,-0.8520933596976961,-0.4809925382520172,-0.48888566853425763,-1.3225951901319217,-0.5628854553220729,0.6642973624212819,0.47176588906724043,-0.6665429489748566,False
HU,HU11,302,0.1665284804844571,0.17573964081732207,0.20075809632856,-0.14742506367732525,-0.10533325628509199,0.0980596117140726,-0.40086133450552924,0.07786703558344218,-0.01745317264043262,-0.1340659364111659,0.005003123810952857,0.18824886857294107,-0.05156623608278154,-0.16149714946104352,False
HU,HU12,251,0.1693676970036545,0.1517396810279553,0.12553095553775678,-0.05397376349481286,-0.0349594829668589,0.12027637178530966,-0.4214895752478751,-0.002903185275509778,0.07167555870942587,-0.2039566328096114,0.012362207634489654,0.138635318282856,0.010447708441212641,-0.21219638026169244,False
HU,HU21,279,0.2122456581781733,0.3880394842076421,0.40059823001803957,-0.05567092065471788,-0.18986466767857968,0.727589464901252,-0.7176838539143728,-0.28160686912166705,0.06797590160463682,-0.7350077081630567,-0.15159538279341556,0.39431885711284087,0.16068462552265148,-0.4996453615180198,False
HU,HU22,220,0.06456433529469757,0.2819096697697168,0.30800371061900667,-0.1527975612946082,-0.1818945813593435,0.39804626124497705,-0.43559510255276673,0.01249002324195038,0.08762391051881396,-0.553993899263261,-0.13393521781658313,0.2949566901943618,0.0211180395303418,-0.21155253965540816,False
HU,HU23,174,0.11175935330568607,0.3787463240010541,0.31151356651617657,0.11225326972158796,-0.16968100173640305,0.853023798626448,-0.8510838832803765,-0.2622348931715968,0.0542297692587066,-0.7442508037754837,-0.19275389373703036,0.34512994525861534,0.2651986888705443,-0.5592117577423413,False
HU,HU31,243,0.1655356823099295,0.5067567939960756,0.6372016233920155,-0.1238477917416414,0.19575672259121102,0.502967527254657,-0.7213675577950391,-0.31098624909138695,-0.17105252059482692,-0.9120870782112374,-0.3058679721653783,0.5719792086940456,0.1916254860347422,-0.516176903443213,False
HU,HU32,428,0.11165761572696807,0.18878580615900778,0.29182639389117065,0.045760994932799344,-0.25275806889192426,0.3874671059431727,-0.38815424216059624,-0.1269834435426332,0.16947871146327131,-0.5218248284993077,-0.08022950043635611,0.24030610002508926,0.06015667732801592,-0.25756884285161474,False
HU,HU33,221,0.325065581323613,0.4452166477216761,0.4990896981246655,-0.06630430914747319,-0.29591033756646823,0.6144218925252415,-0.65102905598652,-0.2616625269724501,0.09947765224011251,-0.9344308583277631,-0.16996254158801255,0.4721531729231708,0.08406908193710001,-0.4563457914794851,False
IE,IE04,416,0.32927496846248144,0.5897610060615456,0.6999520309414186,0.07026884540477919,-0.3219875668813657,0.5219371655030437,-0.7377536601675109,-0.391043359199446,-0.4150890673984897,-0.6451196185050639,-0.24364457248035742,0.644856518501482,0.09007281467548567,-0.5643985096834785,False
IE,IE05,650,0.34417902425780045,0.5625812860953385,0.6680557227203101,0.25346778813083987,-0.053913903745158545,0.5211010871263329,-0.9160783739956255,-0.5464219281017646,-0.523344789013745,-0.5930943547342594,-0.25715288576661355,0.6153185044078243,0.24021832383733804,-0.7312501510486952,False
IE,IE06,924,0.416113980703465,0.5240144472431815,0.6513176448868714,-0.04503757966035382,-0.3838575726078468,0.5115048203927945,-0.8280685251605477,-0.34415838546918465,-0.29531621291885907,-0.4754849481890843,-0.11822906013482612,0.5876660460650265,0.027694678140912136,-0.5861134553148662,False
IS,IS00,826,0.4882209675653312,0.8297900576014321,1.1866213919021853,-0.2917776859679318,-0.6601808580609115,0.027681117798988162,-1.1419833971515458,-0.7324561941959757,0.26421949900561514,-0.39110574206476556,0.12044490816872694,1.0082057247518086,-0.30827640469193424,-0.9372197956737608,False
IT,ITC,872,0.19951584633407357,0.4600577908670081,0.3237934400384991,0.027716502562697837,0.010980287503080506,0.6308498800422303,-0.47162252338005106,-0.10897354030528801,-0.47932983466010226,-0.8336818993887216,-0.37135408768353867,0.3919256154527536,0.22318222336933616,-0.29123003799467806,False
IT,ITF,595,0.058535756817111866,0.4504737287804347,0.41115084022631804,0.3323501357144678,0.124797356804498,0.6896908507446394,-0.47429180241805535,-0.024299303280779738,-0.9086412170008583,-0.9013888551305462,-0.5844659680872121,0.43081228450337633,0.38227944775453504,-0.24850020568385525,False
IT,ITG,307,0.23131075436533127,0.3706768825898337,0.47209112497967826,0.25505336313253985,0.1699199838833974,0.47838376679615896,-0.6210013238647317,-0.14493204915639907,-0.5753356066227368,-0.8165895766310927,-0.3885833733261181,0.42138400378475593,0.30111903793736544,-0.38296668651056537,False
IT,ITH,476,0.09511523557853122,0.4319562019609023,0.33275772952532917,0.07540565389735014,0.08363372293764193,0.5825797871786073,-0.43480341765978614,-0.09952511829906735,-0.43013430366897304,-0.852683258429182,-0.39590077550654135,0.38235696574311573,0.24741835715923746,-0.2671642679794268,False
IT,ITI,533,0.2555522344588447,0.33576745043884715,0.42760393831400406,0.1585537873694747,-0.1639098134779469,0.5016952189134609,-0.7417016262406148,0.022314236448482152,-0.2392990303652948,-0.7288629090156704,-0.23759857862209255,0.38168569437642563,0.16544639760166288,-0.35969369489606623,False
LT,LT01,454,0.4634537456572703,0.18785711796798785,0.1601535982111581,-0.3301583632321667,-0.38340603853025235,0.7540068861615314,-0.3944963170682635,0.006041639401304149,-0.3083654888508546,-0.23372894679862263,-0.026213563330735608,0.174005358089573,0.014029256774084124,-0.19422733883347965,False
LT,LT02,888,0.3682218762921248,0.26884480987383574,0.24362143332216035,0.15302113339073747,-0.2378663913181703,0.5953824658335521,-0.644932045764203,-0.1224964554062337,-0.340722895468348,-0.41907192632841755,-0.13052357691123107,0.256233121597998,0.17039051517617176,-0.3838366883390025,False
LV,LV00,1227,0.3110661287428873,0.26774111916506327,0.49054642499084766,-0.05200896348649613,-0.38567014444050374,0.677747532073687,-0.5526939120166695,-0.33363460669132355,-0.07648335313738548,-0.4952711927998875,-0.08689613906479524,0.3791437720779555,0.07998619740212541,-0.44316425935399656,False
ME,ME0,1589,0.06570687851251007,0.04238653066385986,0.20128878787180915,0.07364406529428398,-0.0502834146973565,0.2985643000501964,-0.15780086423306258,-0.004094539270175445,-0.24320093380602023,-0.24365428359465907,-0.1394986600518842,0.1218376592678345,0.10689432825602553,-0.08119374415966124,False
NL,NL11,51,0.5973119251362986,0.8176313289623778,0.9598372614567529,-0.1525783312044888,-0.651249070440672,-0.250342043263929,-1.246000051108187,-0.4256629507803933,0.30659292959978257,-0.41595506291542456,0.1626499306068856,0.8887342952095654,-0.3513898149696966,-0.8358315009442902,False
NL,NL12,77,0.6156059379218974,0.7145667298844932,0.8345469627931843,0.08020778701751276,-0.3359102582358699,0.10050558233228543,-1.3183050778989058,-0.5107687527694703,0.034932916892911774,-0.5510556064733926,0.033161082780472244,0.7745568463388386,-0.05173229629535722,-0.914536915334188,False
NL,NL13,57,0.6834102759879975,0.7730233308596762,0.8122320084000859,-0.11737635060722847,-0.4118813587744365,0.05681724008744562,-1.3901243581584097,-0.6640623305007786,0.17765267727872902,-0.34044391114758765,0.17353968070637962,0.792627669629881,-0.15748015643140645,-1.027093344329594,False
NL,NL21,138,0.5438936385148047,0.6085613805389612,0.8912519901616438,0.0011766289254117825,-0.3507557392862264,-0.003941821791179251,-1.1662440880161271,-0.49206089777637474,0.1960548533728825,-0.5300147675988298,0.06997790809628578,0.7499066853503026,-0.1178403107173313,-0.829152492896251,False
NL,NL22,224,0.6519877202302277,0.7154406601684077,0.8139028396372224,-0.12099897687398777,-0.4113069945117481,-0.06566878470244052,-1.1415484129846587,-0.5216766889515329,0.1897406344387083,-0.4715215588982656,0.12340226525689013,0.764671749902815,-0.1993249186960588,-0.8316125509680958,False
NL,NL23,37,0.4879510293852844,0.4348231731519796,0.6939839673462863,0.0742442732165465,-0.3578316913878076,0.12538882365937162,-0.7768391031426136,-0.5582762347978701,0.1789058774508801,-0.5325086881314454,0.04478273956823976,0.564403570249133,-0.05273286483729652,-0.6675576689702418,True
NL,NL31,129,0.6910153803722812,0.8584030262868427,0.8707028866648784,-0.324885828306217,-0.4557715415271709,-0.05780712410864768,-1.1735703102969162,-0.5926473771099862,0.24074438074230076,-0.48159685964225957,0.15005430049077415,0.8645529564758606,-0.2794881646473452,-0.8831088437034511,False
NL,NL32,287,0.6590569598634538,0.7399161441493263,0.8217120028064545,-0.3210612176374669,-0.5049839974581053,-0.021989504012092955,-1.0840493368343989,-0.5368611639408715,0.24176037893861033,-0.37566424774239293,0.17505103035322367,0.7808140734778903,-0.28267823970255507,-0.8104552503876351,False
NL,NL33,291,0.48983454771379287,0.5732149483324648,0.8380107491948176,-0.15559044319918247,-0.3378340532506981,0.1808348129809919,-0.8643039692859771,-0.5010022636421093,0.11739347971983004,-0.6224139539179656,-0.0050619754947808454,0.7056128487636412,-0.10419656115629619,-0.6826531164640433,False
NL,NL34,46,0.7058782617680811,0.5593461456602259,0.9310520504098213,-0.05747794916953504,-0.27773539692160726,0.027997256794751877,-1.0862953841767333,-0.5301571544066191,-0.09286812569125417,-0.46759927638751736,0.04847028656310317,0.7451990980350235,-0.10240536309879678,-0.8082262692916761,True
NL,NL41,226,0.6341070870000907,0.6179733757223465,0.8893477953473479,-0.18401548592781114,-0.4368443397531515,0.030864873396911425,-1.130771433860546,-0.5043200489245323,0.22241482906274976,-0.45500338239875354,0.13383951122136226,0.7536605855348472,-0.19666498409468375,-0.8175457413925392,False
NL,NL42,112,0.6588873766936989,0.6326372970772871,0.8873656573424211,-0.03934695464167452,-0.2935022256419222,0.032115590848756134,-1.1369832573418004,-0.6126723919357427,0.08741786911295325,-0.5338838782664728,0.0708071225133931,0.7600014772098543,-0.10024452981161351,-0.8748278246387715,False
NO,NO02,90,0.3332693334221588,0.6985938169551523,0.9382846904769767,-0.20927778658702598,0.28680733051738927,0.2395091270899724,-1.027089591112297,-0.5906244235102427,-0.1999081847559587,-0.8461520907103721,-0.23759698068139065,0.8184392537160643,0.1056795570067786,-0.8088570073112699,False
NO,NO06,129,0.45008341303055077,0.5775181268645021,1.038367643239484,-0.33553118253278136,0.15419155423967357,0.16325349298503097,-1.0380814340523636,-0.6235959021156537,-0.1029987239411592,-0.5604748003494832,-0.07113003708669716,0.807942885051993,-0.00602871176935892,-0.8308386680840087,False
NO,NO07,103,0.6334146134972488,0.757254428249284,0.9860093340838112,-0.19347059081841794,0.027919952691426032,0.053221276349997744,-1.084758304063298,-0.6471515886022082,-0.32878845800199014,-0.6030305799337469,-0.09946814147949612,0.8716318811665476,-0.03744312059233139,-0.8659549463327529,False
NO,NO08,449,0.5048328387742275,0.7004074575380181,0.9450135297051052,-0.41658138233198133,0.10587451650311412,0.1380902161954505,-1.0323857899764097,-0.6535827483997289,-0.08082490577706694,-0.5678184845002863,-0.04735408940599734,0.8227104936215617,-0.0575388832111389,-0.8429842691880693,False
NO,NO09,213,0.4475543420033334,0.7262520005001838,1.0290089278131804,-0.23344978978337938,0.28815893438765217,0.15461996007367912,-1.0563283025689931,-0.737412296355059,-0.2892645230027192,-0.6952539547031065,-0.17898804523416414,0.8776304641566821,0.06977636822598395,-0.8968702994620261,False
NO,NO0A,336,0.5392579943799166,0.6575949430787946,0.9717245242195168,-0.22139590742243007,0.16176556620986857,0.138725738868228,-1.0744541106040337,-0.6689662580279858,-0.18419716462803906,-0.6433930570433124,-0.09557432016902664,0.8146597336491559,0.026365132551888826,-0.8717101843160098,False
PL,PL21,123,0.2742895853253947,0.5945089444887841,0.6419464555234411,0.16729716132098543,0.1853864319653386,0.5928199446645206,-0.741660393624643,-0.465573407078256,-0.9431458908777591,-0.5917581704824929,-0.4202048253449524,0.6182277000061127,0.3151678459836148,-0.6036169003514494,False
PL,PL22,133,0.2766790133385855,0.5441529894052431,0.5546900390935697,0.1336885196566427,0.156919339489048,0.5332467386866158,-0.9525626784730802,-0.2522152337094648,-0.7094251768481806,-0.5694021531093099,-0.33404943887296823,0.5494215142494064,0.2746181992774355,-0.6023889560912726,False
PL,PL41,128,0.19184255517084095,0.5901026868891075,0.6027931821669403,0.28962260988901384,0.2826846141877856,0.7549707628404602,-0.8514507893583945,-0.44901965231204166,-0.9328955673207938,-0.7732078803269888,-0.5047536308256472,0.5964479345280238,0.44277979870074574,-0.6502352208352181,False
PL,PL42,52,0.3110057400985574,0.6117701721810186,0.5609042523124604,0.18279903076526943,0.11772300499858081,0.6515649689343931,-0.6005578860792673,-0.6395366588271277,-0.8150025064920794,-0.7491342292209267,-0.41771033187148293,0.5863372122467396,0.31736233489941457,-0.6200472724531975,False
PL,PL43,60,0.35842509460090866,0.46641703573592835,0.31075530584258415,0.1687796568034523,0.27512756884325057,0.5624814312245678,-0.3167364684189526,-0.4256040170849122,-0.9821614018019508,-0.6108363766847789,-0.4115242279619403,0.3885861707892563,0.34436406699427596,-0.37117024275193233,False
PL,PL51,94,0.4074511296985781,0.7216716747253652,0.731461579996574,0.0619190281366565,0.5260729393458947,0.664924940855713,-0.9682378662909222,-0.5610427073690287,-0.9515299967245747,-1.0312688396483418,-0.5251159022247796,0.7265666273609696,0.4176389694460881,-0.7646402868299753,False
PL,PL52,35,0.2913777649040161,0.6310959195898973,0.8471616022836579,0.19759825868955655,0.43782405716295275,0.7427602952340612,-0.6004719292807917,-0.7328803373298968,-1.1354286110032366,-0.9775762414229587,-0.6072090291740598,0.7391287609367776,0.45939420369552353,-0.6666761333053443,True
PL,PL61,57,0.46008753946960645,0.7693665870641315,0.7327816832008687,0.05454008755652313,0.021102141570712767,0.8507357134453992,-0.8760001933768882,-0.49791415886613977,-0.9602216798452349,-0.9537249739548156,-0.48461970477681465,0.7510741351325002,0.3087926475242118,-0.686957176121514,False
PL,PL62,33,0.15233472633035564,0.6071467911664337,0.9139466612810173,0.5735091576044,0.23377071526761514,0.671991705692255,-0.8741976326913082,-0.5601735390785781,-0.9545386628853546,-1.0860368588019074,-0.63101049504615,0.7605467262237254,0.4930905261880901,-0.7171855858849432,True
PL,PL63,91,0.02079527081170757,0.37289726694412895,0.4945506113832765,0.022098966594619494,-0.008662950364598913,0.40933023739319047,-0.372129609840735,-0.1700070956984987,-0.5056482199554007,-0.44439326870866586,-0.30974873928411967,0.4337239391637028,0.14092208454107036,-0.2710683527696169,False
PL,PL71,129,0.19028337756507277,0.5023830141911838,0.6591182211617059,0.34066644526517026,0.1610322293209199,1.0143787323682965,-0.44856734174363777,-0.6428157553819623,-1.039484448127502,-0.9730464824316998,-0.607415850998043,0.5807506176764449,0.5044008236027556,-0.5441208091431423,False
PL,PL72,61,0.236801509166328,0.6221926821251003,0.7727471007564558,0.1566187708917604,0.013935368145749498,0.8468862120661368,-0.44679684014598564,-0.36946981335640866,-1.2075856866837797,-0.93297703104224,-0.6345870695198972,0.6974698914407782,0.3391467837012156,-0.408133326751197,False
PL,PL81,73,0.2868576984620143,0.635805966212561,0.6898846797674771,0.2821474184346227,0.07176037725287475,0.8668146843254482,-0.7125285156040528,-0.4724857541010087,-1.061844108415873,-0.8894757406049075,-0.554820716852922,0.6628453229900191,0.40690749333764853,-0.6037454791808614,False
PL,PL82,95,0.18527899503819675,0.49475890513221293,0.6659947628020408,0.33872530317291744,0.408755810431806,0.796422247390035,-0.6394657202786409,-0.43059249214778733,-1.167853309838399,-0.9032450520905596,-0.628606455630254,0.5803768339671269,0.5146344536649194,-0.535029106213214,False
PL,PL84,44,-0.07950618481332918,0.7489406818904571,0.5861771316092869,0.4069713167920549,0.2320856875439586,0.776541840213371,-0.543249699220919,-0.21783416014525073,-1.330711715488975,-0.9503101017190462,-0.7868426673404503,0.667558906749872,0.47186628151646154,-0.38054192968308487,True
PL,PL91,129,0.38310180530083443,0.8115637297845485,0.6370356740225651,0.21903066805411464,0.15706360591607382,0.7092279688180416,-0.9645498045626074,-0.3835972491936124,-1.0115923634014186,-0.9736392369521409,-0.534043265017575,0.7242997019035567,0.36177408092940994,-0.67407352687811,False
PL,PL92,90,0.12455657537976281,0.5797207256137531,0.7689487831724793,0.41764138506238946,0.19483283587613426,0.66007450129792,-0.6837827476270033,-0.5221605864515131,-1.0293836292119405,-0.7987820205973438,-0.5678696914765071,0.6743347543931162,0.424182907412148,-0.6029716670392582,False
PT,PT11,480,0.306837049499813,0.439624915201558,0.5785487647927484,0.19078811667556017,-0.4203342151020523,0.49368473049136785,-0.9055760189935734,-0.11469520508041427,0.036137978696317505,-0.8273224067051498,-0.1614491261696731,0.5090868399971532,0.08804621068829188,-0.5101356120369938,False
PT,PT15,46,0.4692852856073355,0.22253868853582126,0.3680221680481534,-0.24468094601948365,0.11016178457060911,0.13597385006695464,-0.6447386310119406,-0.05919518346018741,-0.01911962409094427,-0.44951673651422874,0.00021630833405414512,0.2952804282919874,0.0004848962060267222,-0.351966907236064,True
PT,PT16,370,0.381840493803915,0.5545487028985225,0.662950623617591,0.3128805679592062,-0.3575967958922166,0.4756193385778639,-1.061623031403677,-0.23943334913063186,-0.11232334179054901,-0.9063805209660026,-0.21228778965087894,0.6087496632580567,0.14363437021495118,-0.6505281902671546,False
PT,PT17,387,0.42135712778747064,0.42068032289891305,0.6453105805854223,-0.07103196951418424,-0.5870135697582805,0.34610637045239423,-0.7004797319805318,-0.09558037884584307,0.08664259369766135,-0.6746003684946846,-0.05553354900318423,0.5329954517421677,-0.10397972294002346,-0.39803005541318753,False
PT,PT18,83,0.39805545466169745,0.37627423608556543,0.7565681343978808,0.09019527505022962,-0.34608948767201114,0.3906824849353435,-1.0311133037330442,-0.18101002218718476,0.16372389749519395,-0.7969427424786931,-0.0783877967739339,0.5664211852417232,0.04492942410452061,-0.6060616629601145,False
RS,RS11,302,0.4442151342493413,0.5792373477274807,0.8500380214399232,0.21482648367480664,-0.3448011914382545,0.7821671435992337,-1.207927569660594,-0.4740044589910553,-0.30428748800747685,-0.8292129705602935,-0.23077781283444962,0.7146376845837019,0.21626855555216443,-0.8409660143258249,False
RS,RS12,368,0.28108601381553566,0.3962332577312432,0.7692602368785967,-0.3559074753277045,-0.3679787887842978,0.8502885713232212,-0.6757166104694688,-0.14910073052836514,-0.22598461243567047,-0.7347515214024041,-0.22684982902705397,0.5827467473049199,0.04462509148615736,-0.41337112096667933,False
RS,RS21,472,0.06927098019978478,0.5266274653424589,0.7921197164665095,0.4200999319169996,-0.07257732905297207,0.6412795424126676,-0.8460424725196196,-0.26170137429469775,-0.6864102823392719,-0.8639962579325543,-0.4940062767900127,0.6593735909044842,0.32950015740374444,-0.5538719234071586,False
RS,RS22,376,0.010477071623527488,0.4381146465908543,0.7520987121843254,0.3530651048573301,-0.13200619616291415,0.7382024611998209,-0.7993218087093901,-0.23093162616470114,-0.42138198344396804,-0.9320776467577992,-0.4480639073512955,0.5951066793875899,0.3197537899647456,-0.5151267174370456,False
SE,SE11,235,0.6618463244233997,0.8454345275825638,0.9298313042633309,-0.2814541004942367,-0.5516831450815141,-0.07999256959284978,-0.9690325790979571,-0.6876110994160362,0.18255629706177312,-0.4658301624626985,0.12619081967415816,0.8876329159229474,-0.3043766050562001,-0.8283218392569967,False
SE,SE12,187,0.6974332666610044,0.770340197056103,1.0290610028778748,-0.16748009602698716,-0.4083780987840788,-0.0066431339212147025,-0.9772803164356932,-0.9359954033084742,0.11271864588383557,-0.5500374911838773,0.08743972718196077,0.8997005999669889,-0.1941671095774269,-0.9566378598720837,False
SE,SE21,99,0.4414349018669557,0.8351777092679904,1.0516617343597392,0.09496190893024167,-0.21487087915627948,-0.09706452684981894,-1.0662372303324652,-1.011060412173073,0.14823486602106414,-0.6156262965981256,-0.008652176236701925,0.9434197218138647,-0.0723244990252856,-1.0386488212527691,False
SE,SE22,184,0.6478755121104046,0.9557320379290987,1.07459575437637,-0.18723677666077462,-0.5151056115742189,-0.07262062157200742,-1.2181993273799196,-0.8768742307539179,0.20592941490285244,-0.5057989930698334,0.11600197798114122,1.0151638961527343,-0.2583210032690003,-1.047536779066919,False
SE,SE23,246,0.5589335630810472,0.8868495685178788,1.0895093052516254,-0.08075576598360379,-0.38844309360437407,-0.09096636175712756,-1.1274523702414763,-0.939564768022839,0.2716498096319092,-0.6304462418847957,0.06671237694272023,0.9881794368847523,-0.1867217404483685,-1.0335085691321575,False
SE,SE31,101,0.5521737222811439,0.8303461578297832,1.1172198905488264,-0.0328362941414988,-0.3017768470599492,-0.06654232195696727,-1.1668113023690352,-1.093093791151304,0.25102224453405125,-0.47465013061031647,0.10951527873495963,0.973783024189305,-0.13371848771947176,-1.1299525467601697,False
SE,SE32,53,0.5924728697445628,0.9090382046700989,0.9098430272326413,-0.19281792706827564,-0.46595431480150934,-0.24946803303293122,-1.1091969687674674,-1.1850185731565188,0.46772335133276494,-0.13114073848841454,0.3096851608629711,0.9094406159513699,-0.30274675830090547,-1.1471077709619932,False
SE,SE33,99,0.406596740269949,0.9957999137529101,1.1455206463544072,-0.028366460257260397,-0.2551442253492617,-0.03251246549040894,-1.1554682567887258,-1.1025819485341395,0.1462701938817275,-0.6087413719162524,-0.018624812588191975,1.0706602800536587,-0.10534105036564367,-1.1290251026614324,False
SI,SI03,646,0.27731921887199623,0.5106216337430702,0.4676251449746287,0.28349127288882436,-0.14260531966606682,0.46398713915211204,-1.0034302160901776,-0.18440114919427317,-0.23719940464928935,-0.6948315471524804,-0.21801142750099703,0.4891233893588495,0.20162436412495655,-0.5939156826422254,False
SI,SI04,580,0.412084639501313,0.5470788037177379,0.4714433849219743,0.13663618873111644,-0.2731318754870605,0.4514509917482254,-1.0092102451410472,-0.20112974038614229,-0.1172786679918337,-0.6885728936868778,-0.13125564072579948,0.509261094319856,0.10500318368886351,-0.6051699927635947,False
SK,SK01,91,0.1912649874226948,0.1363932743552532,0.03810327963855571,0.011152297884219339,0.12403123060457422,0.23867415701065617,-0.25837919235133755,-0.13913109798872175,-0.12086680755325171,-0.29050005394530964,-0.0733672913586222,0.08724827699690445,0.12461922849981659,-0.19875514517002962,False
SK,SK02,615,0.1900043897667745,0.31932463183248455,0.21675670169240183,0.027547617718604187,0.08668818665921472,0.5177373705970107,-0.4473645132213925,-0.24133012098023138,-0.3113249908828745,-0.52338152715017,-0.21496059399187287,0.2680693273151512,0.20946366894877883,-0.34434731710081184,False
SK,SK03,373,0.16530462598997658,0.3378418261392706,0.39123833976042277,0.2687876711420334,0.07113333402354745,0.5845534946781326,-0.6227501041435672,-0.3220422310468058,-0.4653828549890443,-0.6018498125689842,-0.30064268052268395,0.36454008294984663,0.30815816661457124,-0.47239616759518654,False
SK,SK04,341,0.23645507299057109,0.3593991229552369,0.3692144984446875,0.3283445601343506,0.0008932531156718898,0.7206772087696932,-0.6081608263449781,-0.35573344940622825,-0.49502880151124945,-0.7413162519185622,-0.3332966601464135,0.3643068106999622,0.35055265774850647,-0.47991014878076904,False
