cntry,country_name,year,ess_round,trust_mean,religiosity_mean,eduyrs_mean,safety_mean,lrscale_mean,age_mean,urban_pct,diversity_pct,v2x_libdem,wb_gini,wb_unemployment,wb_gdp_per_capita_ppp,gov_exp_health,gov_exp_education,gov_exp_social,gov_exp_defence,gov_exp_economic,gov_exp_public_services,gov_exp_culture,dim_openness,dim_transcendence,dim_conservation,dim_enhancement
AL,Albania,2012,6,3.0142,7.2644,10.5643,2.204,5.3358,43.7726,37.6897,2.9975,0.449,29.0,13.376,12463.5700560026,,,,,,,,0.5258766666666671,-0.5140233333333328,-0.12614555555555507,-0.08557333333333306
AT,Austria,2002,1,5.0682,5.1303,12.3158,1.651,4.6472,46.5881,36.1542,19.9823,0.79,29.5,4.852,54565.0769851287,7.5,5.2,20.8,0.8,5.0,8.3,1.4,0.16984666666666662,-0.6447866666666668,0.15480222222222237,0.15781333333333314
AT,Austria,2004,2,5.1128,5.0721,12.027,1.849,4.5716,43.6634,31.9149,16.445,0.789,29.8,5.969,55980.2317146013,7.8,4.9,20.6,0.8,8.7,7.7,1.4,0.13785999999999973,-0.6146900000000002,0.1755266666666664,0.14460999999999968
AT,Austria,2006,3,5.0771,5.1001,12.5254,1.9332,4.754,44.2761,24.7817,15.5094,0.792,29.6,5.32,58460.2370782474,7.6,4.8,19.8,0.7,6.6,7.8,1.4,0.13837833333333327,-0.59538,0.16517833333333357,0.14004499999999998
AT,Austria,2014,7,4.9682,4.6523,12.3569,1.7904,4.7312,49.2158,35.2285,20.8914,0.808,30.5,5.674,60845.6597729815,8.2,5.0,21.4,0.6,7.0,6.9,1.3,0.33308833333333343,-0.6346699999999997,-0.11094499999999992,0.30145500000000025
AT,Austria,2016,8,5.3675,4.7835,12.636,2.0005,5.0055,49.6952,28.9552,19.1542,0.781,30.8,6.064,61572.7121353063,8.3,4.9,21.1,0.6,5.9,6.5,1.2,0.3262699999999996,-0.5328300000000001,-0.13693000000000013,0.2488199999999996
AT,Austria,2018,9,5.5431,4.7663,12.5887,1.8142,4.8029,51.5589,31.5326,19.3677,0.784,30.8,4.933,63778.0257051746,8.3,4.8,20.3,0.6,6.0,5.9,1.2,0.3745449999999999,-0.6274966666666666,-0.11866611111111114,0.24367833333333344
AT,Austria,2023,11,5.8811,4.6129,12.5671,1.7967,4.8198,55.6423,32.4267,16.3127,0.777,31.2,5.264,64536.2981841434,9.0,4.9,21.2,0.6,7.4,5.6,1.2,0.4718033333333335,-0.6821966666666666,-0.23704111111111104,0.33005333333333353
BE,Belgium,2002,1,4.8112,4.9575,12.185,2.0462,4.8267,44.8278,22.759,16.851,0.819,28.1,6.91,30282.2886450283,6.3,5.8,17.1,1.2,4.7,10.5,1.2,0.16495666666666672,-0.7569933333333334,0.07083444444444457,0.4033066666666667
BE,Belgium,2004,2,4.7945,4.7808,12.2785,2.0429,4.8713,45.1665,26.4077,18.6727,0.801,30.5,7.363,32059.6878637798,6.9,5.6,17.3,1.1,4.7,9.5,1.3,0.21890166666666686,-0.7460899999999999,-0.023831666666666546,0.45348500000000014
BE,Belgium,2006,3,4.9828,4.9243,12.1014,2.034,4.9382,46.1051,20.9677,17.4638,0.82,28.1,8.246,35251.4450697593,6.7,5.6,17.1,1.0,5.6,8.6,1.3,0.2580983333333333,-0.7590766666666666,0.021720555555555816,0.33934833333333336
BE,Belgium,2008,4,5.1319,4.7745,12.6669,2.0023,4.9297,46.4235,21.9318,20.2841,0.844,28.4,6.976,37883.3319417819,7.3,5.7,17.5,1.1,6.1,8.7,1.2,0.27831333333333336,-0.7466199999999998,0.00974666666666657,0.31453
BE,Belgium,2010,5,5.0446,4.5417,12.6641,1.9812,4.9805,46.7594,25.5869,20.4225,0.839,28.4,8.293,39839.9772772918,7.8,6.0,18.9,1.0,6.8,8.7,1.3,0.2257983333333331,-0.7884433333333336,0.04497611111111081,0.3822816666666664
BE,Belgium,2012,6,5.0963,4.4888,12.9438,2.0054,5.0426,47.328,24.077,24.5586,0.837,27.5,7.542,42483.5250666788,7.9,6.2,19.5,0.9,7.8,8.8,1.4,0.25156166666666663,-0.7170466666666665,0.015450555555555598,0.3165283333333331
BE,Belgium,2014,7,5.0164,4.5023,13.2479,2.0175,5.0471,46.9367,22.1029,24.0249,0.843,28.1,8.523,45147.6429534057,8.0,6.3,19.7,0.9,7.3,8.5,1.3,0.2474866666666665,-0.7248800000000003,0.012519999999999717,0.3348699999999998
BE,Belgium,2016,8,5.2463,4.543,13.7558,1.9575,4.9629,46.9949,26.3873,24.8584,0.838,27.6,7.83,48414.5518065681,7.6,6.3,19.5,0.8,6.7,8.0,1.3,0.21483666666666693,-0.7406466666666662,0.05522555555555586,0.3355533333333336
BE,Belgium,2018,9,5.1653,4.5893,13.6579,1.9551,4.9627,47.9071,22.9768,26.6553,0.837,27.2,5.941,52466.7330784599,7.6,6.2,19.3,0.8,6.7,7.2,1.3,0.20136666666666722,-0.7317499999999995,0.08576666666666706,0.3010500000000007
BE,Belgium,2020,10,5.5209,4.233,13.9925,1.8669,5.1369,48.9873,23.4328,25.5779,0.828,26.0,5.545,56120.0958420466,8.6,6.5,22.4,0.9,7.7,7.5,1.3,0.18443666666666628,-0.8177300000000003,0.126103333333333,0.35191999999999957
BE,Belgium,2023,11,5.5443,4.1453,13.9508,1.9698,5.0752,49.3512,23.2894,23.5257,0.816,26.8,5.547,71946.1447190292,7.9,6.3,20.1,0.9,6.8,6.8,1.2,0.17636666666666714,-0.8252999999999995,0.095433333333334,0.4176000000000004
BG,Bulgaria,2006,3,3.3435,4.3028,11.1793,2.5933,4.2614,49.9617,47.1429,4.3571,0.616,35.7,8.951,19024.6223691232,3.8,3.6,10.8,1.6,4.3,4.5,0.7,0.574763333333333,-0.5939866666666669,0.05271888888888846,-0.34723666666666686
BG,Bulgaria,2008,4,3.4262,4.259,11.0,2.5073,4.9173,51.8448,45.3812,2.87,0.618,33.6,5.609,21846.0454072872,4.4,3.9,10.7,1.2,6.2,5.0,0.8,0.6284433333333338,-0.6469399999999994,0.05337666666666707,-0.3757899999999994
BG,Bulgaria,2010,5,3.4955,4.4232,11.2986,2.424,5.3806,53.3774,40.8063,3.3279,0.571,35.7,10.279,21724.3762726863,4.4,3.6,12.9,1.7,5.0,3.8,0.7,0.7693033333333328,-0.45581333333333385,-0.33055222222222275,-0.202313333333334
BG,Bulgaria,2012,6,3.3198,4.6601,11.3491,2.3911,5.1028,54.0296,43.5841,2.4779,0.562,36.0,12.27,22618.9040490702,4.4,3.3,12.3,1.0,5.2,3.4,0.8,0.8113816666666667,-0.48899333333333317,-0.3400738888888888,-0.21796833333333332
BG,Bulgaria,2018,9,3.4918,4.231,11.6656,2.627,5.3407,54.5544,37.5796,1.7288,0.514,41.3,5.211,27691.0089237623,5.0,3.5,12.0,1.2,6.7,3.7,0.8,0.7261466666666667,-0.4265700000000001,-0.3074866666666667,-0.20142000000000015
BG,Bulgaria,2020,10,3.5066,4.4656,12.5702,2.241,5.3822,52.6803,45.2872,2.6858,0.498,40.5,5.037,28521.3251326769,5.8,3.9,13.0,1.5,8.4,3.7,0.8,0.4221433333333329,-0.3752900000000001,-0.07982333333333365,-0.13819000000000026
BG,Bulgaria,2023,11,3.7322,3.8913,12.6705,2.4502,5.2773,52.3672,36.8915,1.9652,0.585,39.5,4.319,33073.8179631314,5.5,4.1,13.8,1.5,5.8,3.2,0.8,0.33674666666666636,-0.36587000000000036,-0.026320000000000343,-0.09977000000000014
CH,Switzerland,2002,1,5.6529,5.2111,10.8264,1.8442,4.8756,47.5074,21.0991,29.2647,0.839,31.7,2.924,38704.9584597242,1.8,5.4,14.3,1.1,3.9,5.0,1.1,0.02372166666666627,-0.8084533333333337,0.16046611111111067,0.5321716666666665
CH,Switzerland,2004,2,5.6964,5.4887,10.6962,1.8214,5.0331,48.0808,19.0098,30.1261,0.843,31.6,4.316,40171.1805746279,1.8,5.4,13.6,1.0,3.9,4.8,1.1,0.08069,-0.8321266666666665,0.10984555555555575,0.5463233333333333
CH,Switzerland,2006,3,5.7229,5.5031,13.3359,1.84,4.9953,49.8841,20.8541,32.6497,0.843,33.9,3.995,46265.6820679271,1.7,5.1,12.3,0.9,3.6,4.6,1.0,0.12628666666666652,-0.8257300000000001,0.10261999999999964,0.48236999999999974
CH,Switzerland,2008,4,5.703,5.0344,11.3238,1.7492,4.9222,48.5904,18.5816,35.459,0.852,33.8,3.35,53808.7841127066,1.7,4.9,11.9,0.8,4.0,4.3,1.0,0.14222333333333337,-0.8149433333333334,0.11606777777777773,0.4275066666666667
CH,Switzerland,2010,5,5.6439,5.0767,11.3829,1.7375,5.1187,47.8076,19.7211,36.9854,0.851,32.6,4.808,54426.2828092789,1.8,5.2,12.6,0.8,4.1,4.5,1.0,0.16614333333333287,-0.7673733333333339,0.05545444444444388,0.4349766666666661
CH,Switzerland,2012,6,5.6839,4.9892,11.788,1.7707,5.1538,47.4086,15.9411,37.1735,0.861,31.6,4.491,59440.9158607666,2.0,5.3,12.6,0.8,4.1,4.5,1.0,0.1404433333333334,-0.6643733333333333,0.06858777777777769,0.3508266666666666
CH,Switzerland,2014,7,5.7187,4.9783,11.0576,1.7399,5.1438,47.3566,18.4847,41.1227,0.861,32.5,4.826,63417.0438110319,2.1,5.4,13.2,0.8,3.9,4.5,1.0,0.10428000000000044,-0.6928866666666662,0.07066888888888927,0.43046333333333386
CH,Switzerland,2016,8,5.9862,4.7862,11.2963,1.675,5.0641,47.8341,15.1475,41.377,0.858,33.0,4.918,67350.7518747757,2.2,5.5,13.4,0.8,3.9,4.5,1.0,0.07227833333333307,-0.7206466666666671,0.08196722222222179,0.48927833333333304
CH,Switzerland,2018,9,5.8934,4.6889,11.258,1.6186,5.0953,47.4993,17.5746,45.0713,0.867,33.1,4.713,70688.8187491194,2.1,5.4,13.0,0.8,3.8,4.4,1.0,0.08522333333333328,-0.7345266666666667,0.083078888888889,0.48207333333333313
CH,Switzerland,2020,10,6.0368,4.6707,11.5224,1.5901,5.0408,49.5948,18.134,44.1891,0.856,33.7,4.817,72997.8239503282,2.6,5.8,16.6,0.9,4.3,4.5,1.1,0.04493166666666726,-0.7822433333333328,0.10117611111111173,0.5630816666666671
CH,Switzerland,2023,11,5.8436,4.4829,11.8309,1.6333,5.0444,50.1032,17.7874,43.4971,0.841,33.8,4.043,95141.5960943632,2.2,5.6,13.1,0.9,3.9,4.2,1.0,0.019761666666666827,-0.8273466666666666,0.10008388888888886,0.6475783333333334
CY,Cyprus,2006,3,4.1269,7.0171,11.2874,1.7602,5.2135,46.5695,53.1658,7.3367,0.714,31.1,4.593,42595.37890625,2.8,5.6,12.4,1.9,3.9,8.6,1.0,0.3738400000000001,-0.6640766666666666,-0.2230377777777778,0.43787333333333334
CY,Cyprus,2008,4,4.5829,6.6012,11.9282,1.8252,5.075,44.8115,52.5535,10.1235,0.726,31.7,3.756,44295.8125,2.7,6.0,11.9,1.6,3.4,8.6,1.2,0.44660499999999975,-0.6285533333333336,-0.2048838888888891,0.2659716666666665
CY,Cyprus,2010,5,3.9092,7.0901,11.1188,2.0176,5.1377,48.1142,46.9501,7.5716,0.736,31.5,6.359,42102.45703125,3.0,6.5,14.0,2.2,3.6,8.2,1.1,0.6167616666666668,-0.7416466666666666,-0.35848277777777776,0.35422833333333337
CY,Cyprus,2012,6,3.6422,7.1097,11.9461,2.127,5.1342,47.5054,44.086,12.9928,0.733,34.3,12.097,39190.3828125,3.0,5.9,15.5,1.8,12.2,10.1,1.0,0.5298150000000005,-0.7218266666666665,-0.2563961111111109,0.3116983333333334
CY,Cyprus,2018,9,3.7333,6.9038,12.0064,2.0064,5.3869,54.439,53.6492,13.4443,0.723,32.7,8.504,43510.2109375,2.6,5.0,13.9,1.9,9.6,6.9,0.8,0.6034650000000003,-0.896193333333333,-0.3222238888888886,0.47433166666666704
CY,Cyprus,2023,11,4.0599,6.7566,12.432,2.2132,5.2699,55.53,44.4772,14.5985,0.645,31.8,5.835,51453.7265625,6.1,5.2,15.1,1.9,3.0,5.7,0.6,0.4571950000000002,-0.7385966666666665,-0.2993494444444444,0.5018283333333335
CZ,Czechia,2002,1,4.2543,3.2366,12.4233,2.3658,5.4146,51.9128,32.7917,11.4706,0.813,26.6,7.28,30919.5496618702,7.3,4.7,13.1,1.8,8.4,4.3,1.4,0.49411166666666634,-0.7989300000000001,-0.4073550000000001,0.6687949999999998
CZ,Czechia,2004,2,4.1627,2.7024,12.1816,2.3356,5.3984,48.2606,23.959,9.0879,0.822,27.5,8.298,33452.3408000614,7.2,4.6,11.8,1.3,6.9,4.7,1.4,0.3128566666666665,-0.5364599999999999,-0.27224333333333367,0.47553999999999985
CZ,Czechia,2008,4,4.6682,2.383,12.4952,2.2346,5.4207,47.0981,30.3589,8.4737,0.83,26.3,4.392,40328.3426630095,6.9,4.1,12.2,1.0,6.8,4.7,1.4,0.2911500000000002,-0.4640666666666664,-0.2466944444444441,0.3973833333333334
CZ,Czechia,2010,5,4.5057,2.4785,12.6512,2.2521,5.2957,46.9552,32.2567,7.0411,0.81,26.6,7.281,39097.3886218756,7.7,4.3,13.4,1.0,6.6,4.9,1.5,0.26152333333333316,-0.42889333333333357,-0.22253222222222244,0.37040666666666655
CZ,Czechia,2012,6,4.3566,2.1053,12.7836,2.2547,5.2008,47.7567,29.6907,9.2086,0.819,26.1,6.979,39347.0492956846,7.7,4.3,13.6,0.8,6.1,6.8,1.3,0.32074833333333314,-0.3863766666666668,-0.2488627777777781,0.27854833333333295
CZ,Czechia,2014,7,4.4792,2.2051,12.7999,2.1886,4.9355,46.797,29.8999,10.1024,0.776,25.9,6.108,40158.0164275735,7.5,4.3,13.3,0.7,6.3,5.3,1.3,0.26361999999999997,-0.31739666666666655,-0.27619111111111144,0.3362533333333333
CZ,Czechia,2016,8,5.049,2.3649,12.3995,2.1812,5.147,46.0643,33.4949,9.2552,0.773,25.4,3.952,43069.4659744727,7.4,3.7,12.6,0.7,6.0,4.6,1.3,0.1768199999999999,-0.2507966666666668,-0.19102444444444458,0.27210333333333336
CZ,Czechia,2018,9,4.9113,2.3977,13.3302,2.0841,5.4605,49.0371,40.0751,9.4662,0.717,25.0,2.246,46301.082036029,7.4,4.3,12.2,0.9,5.9,4.5,1.5,0.21395333333333313,-0.3370466666666667,-0.23775777777777796,0.37275333333333327
CZ,Czechia,2020,10,5.2088,2.1986,13.4751,2.0491,5.6993,48.2989,37.9854,9.5315,0.719,26.2,2.55,45119.9387309139,9.2,4.7,14.0,1.0,7.6,4.7,1.4,0.16651499999999997,-0.3266266666666666,-0.1773294444444445,0.3428483333333334
DE,Germany,2002,1,4.6128,3.8684,12.8318,2.1226,4.6033,47.3081,33.1846,13.9431,0.857,29.8,8.482,29513.6823267102,6.6,4.1,20.3,1.0,5.0,6.7,1.2,0.23413666666666666,-0.79148,0.017770000000000064,0.4136199999999999
DE,Germany,2004,2,4.7544,3.8861,12.9235,2.1146,4.4954,46.8386,32.9264,14.5645,0.857,30.2,10.727,31753.1720592803,6.4,4.1,20.4,1.0,4.5,6.4,1.1,0.24936999999999943,-0.7627133333333336,0.028614444444443905,0.34573666666666614
DE,Germany,2006,3,4.7096,3.8588,13.1722,2.0435,4.4138,48.0014,33.3563,14.1632,0.869,31.0,10.277,34741.3353426224,6.3,4.0,19.6,1.1,4.2,6.1,1.1,0.25328833333333306,-0.7286700000000006,0.035821666666666196,0.2950049999999995
DE,Germany,2008,4,4.8423,4.0194,13.6195,1.9975,4.5418,48.9589,31.8761,16.7575,0.869,30.8,7.508,38443.5386278958,6.4,3.9,18.5,0.9,4.4,6.6,1.1,0.25885333333333316,-0.8124133333333334,0.07766444444444447,0.3076366666666668
DE,Germany,2010,5,4.6472,3.9242,13.1302,2.0172,4.5397,47.6097,22.6403,18.3108,0.862,30.2,7.043,39726.098692395,6.9,4.3,19.6,1.0,5.8,6.7,1.1,0.27209833333333355,-0.8338099999999998,0.029598333333333393,0.3812650000000002
DE,Germany,2012,6,4.9073,4.1555,13.8,2.0227,4.5124,48.6971,29.1751,19.1007,0.867,31.1,5.372,44229.3941921739,6.7,4.2,18.5,1.0,4.5,6.6,1.0,0.2573683333333336,-0.83474,0.08676833333333356,0.31853500000000023
DE,Germany,2014,7,5.092,3.9312,14.1493,1.9773,4.5007,49.869,29.6747,18.6207,0.847,30.8,4.979,47938.7968210418,7.0,4.2,18.4,0.9,4.4,6.2,1.0,0.20719666666666647,-0.9498200000000003,0.0806299999999996,0.5180799999999997
DE,Germany,2016,8,5.2844,3.9375,14.2573,2.0818,4.3953,48.5577,28.9021,21.0729,0.85,31.4,4.104,51569.9016841199,7.1,4.1,19.1,0.9,4.4,5.7,1.0,0.15552500000000022,-0.9201833333333331,0.10923611111111124,0.5230416666666668
DE,Germany,2018,9,5.4003,4.1642,14.2922,1.997,4.3879,49.6461,31.4249,22.4343,0.834,31.9,3.384,56273.0405627017,7.0,4.2,18.9,1.0,4.5,5.6,1.0,0.17278499999999988,-0.9500566666666668,0.10314055555555557,0.5361683333333334
DE,Germany,2023,11,5.1897,3.9226,14.4521,1.9541,4.5481,50.3839,30.6865,25.2893,0.812,33.7,3.071,71684.0311875583,7.5,4.5,19.7,1.1,5.8,6.1,1.0,0.1420583333333334,-0.9757666666666667,0.08174722222222226,0.6400583333333334
DK,Denmark,2002,1,6.9927,4.3627,13.1911,1.616,5.5447,46.3909,35.4515,9.8274,0.883,25.6,4.274,58327.8281608342,7.1,6.6,23.0,1.5,3.5,7.7,1.6,-0.09888500000000011,-0.7978766666666669,0.31260388888888874,0.47729833333333316
DK,Denmark,2004,2,6.7551,4.2969,13.268,1.7036,5.4705,46.8709,40.5533,10.4237,0.883,24.9,5.204,59893.0929898784,7.2,6.6,23.4,1.4,3.5,7.0,1.7,-0.01935333333333385,-0.7970700000000002,0.22357999999999953,0.49072999999999967
DK,Denmark,2006,3,7.0201,4.2915,13.1658,1.6875,5.4001,49.5821,37.3567,11.2292,0.897,25.9,3.897,63262.7404572232,7.5,6.1,21.5,1.6,3.2,6.6,1.6,0.01792999999999978,-0.8451200000000003,0.20796333333333328,0.5062799999999998
DK,Denmark,2008,4,6.9167,4.1271,12.6429,1.7191,5.3085,49.2627,35.3712,10.9938,0.897,25.2,3.683,62968.1612290596,8.3,6.0,21.1,1.4,2.8,7.0,1.8,0.01637999999999969,-0.8345366666666669,0.233202222222222,0.46016333333333304
DK,Denmark,2010,5,6.8392,4.1017,13.1027,1.648,5.1992,48.4759,37.3096,13.198,0.897,27.2,7.746,60190.6346060499,9.0,7.1,24.4,1.4,3.4,7.8,1.8,0.0023450000000003377,-0.854913333333333,0.20208944444444477,0.5482616666666671
DK,Denmark,2012,6,6.9769,4.1972,12.8542,1.5726,5.3382,48.7006,38.8821,12.0606,0.897,27.8,7.798,60497.6919146995,9.1,6.9,24.2,1.4,3.7,9.0,1.9,0.018865000000000205,-0.7916266666666665,0.20335388888888892,0.4582983333333337
DK,Denmark,2014,7,6.902,3.9011,13.071,1.574,5.4519,48.0919,41.3218,12.8495,0.896,28.4,6.925,61552.7997775157,9.0,7.1,23.7,1.1,3.7,7.1,1.8,-0.006838333333333502,-0.7938133333333336,0.17940611111111102,0.5349616666666666
DK,Denmark,2018,9,7.0631,3.8162,13.4108,1.5006,5.0345,49.7646,40.828,12.2774,0.893,28.2,5.131,66238.705427981,8.7,6.4,21.6,1.2,3.4,6.3,1.7,0.016261666666666397,-0.8250300000000003,0.13762833333333294,0.5941949999999998
EE,Estonia,2004,2,5.1782,3.4674,11.9179,2.3487,5.1487,47.2308,29.1541,35.5958,0.813,33.6,10.248,27384.0831488798,4.2,6.2,10.0,1.4,3.9,3.1,2.1,0.28551833333333354,-0.7579233333333328,-0.08617055555555526,0.458901666666667
EE,Estonia,2006,3,5.3362,3.5783,12.2515,2.3432,5.4127,47.4326,38.497,41.2657,0.813,33.7,5.915,33304.5935377333,4.3,5.9,9.2,1.3,4.4,3.4,2.2,0.3175550000000002,-0.6430033333333331,-0.10716722222222212,0.3274216666666667
EE,Estonia,2008,4,5.4416,3.7555,12.4443,2.2385,5.1922,47.7797,34.6462,37.0259,0.813,31.9,5.455,34236.950125417,5.2,6.5,11.3,1.7,5.0,3.2,2.4,0.19923833333333318,-0.637686666666667,-0.01437277777777816,0.36038833333333287
EE,Estonia,2010,5,5.6719,3.4258,12.6058,2.1043,5.431,48.6899,32.9425,30.7864,0.832,32.0,16.707,30070.2990791103,5.7,6.5,13.8,1.7,5.1,3.3,2.2,0.17517333333333385,-0.7073933333333329,0.023517777777778193,0.40935666666666726
EE,Estonia,2012,6,5.4749,3.4757,12.6564,2.1975,5.4452,49.3855,36.5013,35.5042,0.83,32.9,10.021,33768.572369804,5.2,6.1,11.9,1.8,5.1,4.0,1.8,0.26856833333333324,-0.6966566666666667,-0.04370944444444458,0.3593683333333333
EE,Estonia,2014,7,5.5745,3.6852,13.14,2.21,5.138,50.3183,44.1191,42.1258,0.839,34.6,7.352,35723.6266134228,5.2,5.4,11.3,1.8,4.9,3.8,2.0,0.30851166666666713,-0.7283799999999996,-0.11318833333333271,0.43539500000000064
EE,Estonia,2016,8,5.7156,3.2812,13.1111,1.9397,5.3534,49.6478,39.6731,32.9371,0.862,31.2,6.882,37470.0427676805,5.3,5.5,12.6,2.3,4.5,3.9,2.0,0.16404499999999964,-0.7384300000000004,0.003778333333332847,0.48669499999999966
EE,Estonia,2018,9,5.6064,3.2698,13.3776,1.9172,5.3711,50.7306,39.3064,30.8298,0.862,30.3,5.412,40853.6487755073,5.3,6.1,12.5,2.0,4.2,3.8,1.9,0.19323833333333326,-0.7366533333333336,-0.01165055555555572,0.46427166666666664
EE,Estonia,2020,10,5.7664,3.4074,13.796,1.8336,5.5216,51.6472,43.904,31.3878,0.843,30.7,6.956,40920.5270623015,6.5,6.3,14.5,2.4,6.2,4.0,2.0,0.13244333333333325,-0.8386233333333335,0.08412111111111109,0.5137766666666665
EE,Estonia,2023,11,5.6917,3.1832,14.1363,1.7668,5.6724,50.0731,43.9969,27.6875,0.849,30.7,6.378,41288.6165892158,6.5,6.3,13.5,2.7,4.9,4.2,2.0,0.0020849999999999667,-0.7747233333333334,0.11536277777777808,0.5985516666666666
ES,Spain,2002,1,4.8638,4.4628,10.2124,2.1235,4.423,48.604,30.1107,5.8994,0.81,31.8,11.146,24377.8417076394,5.1,4.0,12.6,1.1,4.9,5.8,1.3,0.3763933333333336,-0.7102566666666665,-0.23511777777777768,0.4983433333333336
ES,Spain,2004,2,4.891,4.4332,11.1467,2.0321,4.3955,45.061,30.4452,9.5009,0.803,33.3,11.09,26159.7864720491,5.5,4.1,12.8,1.1,5.4,5.1,1.4,0.4106750000000002,-0.8256666666666663,-0.18816944444444417,0.4919083333333336
ES,Spain,2006,3,5.1199,4.5811,11.681,2.0048,4.5031,45.8774,26.7591,9.8081,0.805,33.5,8.452,30748.7396326091,5.6,4.0,12.7,1.0,5.0,5.0,1.5,0.40947666666666666,-0.91629,-0.22942333333333353,0.64621
ES,Spain,2008,4,4.8955,4.5066,10.8817,2.0445,4.5445,46.8301,25.5435,10.4814,0.817,34.2,11.254,33349.942580613,6.1,4.2,13.8,1.0,5.5,5.1,1.6,0.44568333333333293,-1.0055166666666668,-0.25869444444444484,0.725033333333333
ES,Spain,2010,5,5.1361,4.4305,12.4085,1.9456,4.6402,45.8516,28.3439,11.9894,0.822,35.2,19.86,31804.6746571689,6.6,4.5,16.7,1.0,5.8,5.6,1.6,0.3724733333333334,-1.0037933333333335,-0.1269155555555556,0.6354566666666666
ES,Spain,2012,6,5.1255,4.4793,12.2634,2.0059,4.5398,47.5835,28.5109,13.2875,0.805,35.4,24.789,31869.7839822219,6.2,4.2,17.7,0.9,8.7,6.7,1.2,0.3923816666666669,-0.9913766666666666,-0.12056277777777764,0.5836483333333333
ES,Spain,2014,7,4.8277,4.1512,12.5965,1.8732,4.4152,48.5125,24.6746,10.9091,0.776,36.1,24.441,33760.9555646369,6.1,4.1,17.8,0.9,4.5,7.1,1.1,0.3689449999999999,-1.01088,-0.1404883333333334,0.6681949999999999
ES,Spain,2016,8,4.9739,4.2825,12.7715,1.8764,4.4729,49.6001,25.1791,12.8192,0.767,35.8,19.635,37612.7188681342,6.0,4.0,16.9,1.0,3.8,6.1,1.1,0.3114249999999997,-1.0384000000000004,-0.10464166666666704,0.7282249999999995
ES,Spain,2018,9,5.0946,3.9511,12.8986,1.9728,4.4318,48.5189,25.075,15.7074,0.776,34.7,15.255,41015.1565755187,6.0,3.9,16.8,0.8,4.3,5.6,1.1,0.30203333333333315,-0.9615166666666668,-0.1171777777777779,0.6842333333333332
ES,Spain,2023,11,5.2984,4.1045,14.238,1.8662,4.6546,50.0022,28.843,19.1974,0.763,33.4,12.179,55682.2402603093,6.6,4.2,18.5,0.9,5.0,5.7,1.2,0.2544416666666671,-1.0936999999999995,-0.029258333333332942,0.7559250000000004
FI,Finland,2002,1,6.46,5.5522,11.9564,1.7729,5.6177,45.6305,27.914,5.3,0.832,27.7,10.423,28596.2606345457,6.2,6.1,19.9,1.3,4.9,7.0,1.1,0.15666333333333324,-0.8380200000000002,0.01886333333333316,0.5747299999999997
FI,Finland,2004,2,6.5166,5.3861,12.2939,1.7483,5.7553,47.2661,27.2277,4.1048,0.834,27.9,10.358,31195.1243346394,6.5,6.2,20.3,1.5,4.7,7.0,1.1,0.17573000000000016,-0.8485866666666666,0.007118888888888897,0.5743133333333335
FI,Finland,2006,3,6.5678,5.2948,12.386,1.7477,5.7244,48.3871,28.971,4.2194,0.837,28.0,8.935,34440.3771039162,6.7,6.0,19.6,1.4,4.7,6.9,1.0,0.19226000000000024,-0.8924566666666665,0.0005822222222226318,0.6031933333333337
FI,Finland,2008,4,6.4469,5.1726,12.8457,1.7481,5.7172,47.9749,29.5486,3.918,0.843,27.8,6.369,40081.2212482066,6.7,5.8,19.3,1.4,4.6,7.0,1.1,0.17506000000000035,-0.918123333333333,0.029637777777778023,0.6110766666666669
FI,Finland,2010,5,6.504,5.1995,12.9064,1.7145,5.7079,48.8307,29.7974,5.5911,0.843,27.7,8.394,38946.228265358,7.3,6.5,22.6,1.5,4.9,7.7,1.2,0.11985833333333303,-0.7972833333333336,0.008469444444444344,0.6047916666666664
FI,Finland,2012,6,6.5811,4.9708,13.1306,1.6942,5.6613,49.7515,33.1663,5.9172,0.844,27.1,7.689,40739.1131809421,7.7,6.4,23.7,1.5,4.9,8.3,1.2,0.16748166666666645,-0.9732766666666667,0.07317055555555536,0.6122983333333332
FI,Finland,2014,7,6.7394,4.7895,13.3515,1.6908,5.6103,51.2895,32.2302,6.6124,0.856,26.8,8.663,41547.0984485393,7.9,6.4,25.3,1.4,4.9,8.4,1.4,0.13289666666666658,-1.0224700000000002,0.07462999999999997,0.7111799999999999
FI,Finland,2016,8,6.7609,4.8678,13.7855,1.6514,5.6761,50.1309,35.5174,5.8182,0.829,27.1,8.818,44562.4011072067,7.2,6.2,25.8,1.3,4.5,6.8,1.5,0.10011500000000062,-1.0505599999999993,0.10161500000000052,0.7479650000000007
FI,Finland,2018,9,6.9402,4.8954,13.9534,1.6195,5.6398,50.8991,35.425,6.8376,0.846,27.3,7.361,49248.6775395866,7.1,5.8,24.5,1.2,4.2,6.7,1.6,0.13617833333333307,-1.1168800000000005,0.08717833333333298,0.7818449999999997
FI,Finland,2020,10,6.9398,4.487,14.4391,1.6199,5.6333,52.6094,35.5739,5.9607,0.842,27.1,7.759,53296.5792798852,7.7,6.1,25.8,1.4,5.2,6.9,1.6,0.16494499999999976,-1.1230633333333335,0.07835611111111085,0.7581116666666665
FI,Finland,2023,11,6.9065,4.4504,14.5126,1.6504,5.5561,52.8605,38.2598,7.2937,0.825,27.4,7.149,63414.9936878177,7.6,6.3,25.7,1.4,4.6,6.6,1.7,0.10776166666666676,-1.0580966666666667,0.09808388888888893,0.7493283333333334
FR,France,2002,1,4.4673,3.828,11.9382,2.0962,4.7539,47.3174,35.9521,22.1557,0.798,31.8,8.702,28350.0985605428,7.3,5.7,21.3,2.0,5.0,7.8,1.4,0.009605000000000677,-0.8082699999999992,0.026671666666667093,0.7538550000000006
FR,France,2004,2,4.5235,3.7765,11.5119,2.0241,4.7475,48.9308,29.6788,17.9402,0.797,30.6,8.914,28921.2608031323,7.6,5.5,21.7,1.8,5.0,7.5,1.4,-0.008644999999999866,-0.8479366666666668,0.013577222222222277,0.8405383333333334
FR,France,2006,3,4.4302,3.6956,12.4678,2.0056,4.831,48.1022,29.7583,20.3424,0.797,29.7,8.832,32423.5225068799,7.7,5.4,21.8,1.8,5.0,7.1,1.5,0.08238333333333318,-0.9643833333333334,0.02096111111111106,0.8093666666666668
FR,France,2008,4,4.4473,3.6146,12.5659,1.9427,4.7948,48.6532,29.7297,18.8616,0.814,33.0,7.386,35053.2627069116,7.6,5.3,22.0,1.8,5.0,7.3,1.5,0.06586166666666686,-0.9268133333333333,0.09690611111111129,0.6826616666666669
FR,France,2010,5,4.3283,3.6191,12.351,1.9596,4.6964,49.4062,30.4574,20.7176,0.814,33.7,9.279,35907.5531031574,8.1,5.5,23.7,2.0,5.4,7.3,1.6,0.02840833333333359,-0.9343499999999993,0.09147500000000057,0.7545250000000003
FR,France,2012,6,4.4403,4.5336,12.361,2.0155,4.9881,51.7905,31.1642,23.0183,0.818,33.1,9.841,37671.0239268565,8.2,5.3,24.2,1.8,5.4,7.4,1.6,0.08129166666666698,-0.9090833333333332,0.03043611111111133,0.7414916666666667
FR,France,2014,7,4.666,4.6897,12.7998,2.0613,5.0649,49.8809,40.6576,25.1435,0.82,32.3,10.273,40218.1258637776,8.3,5.3,24.5,1.7,6.2,6.9,1.6,0.029355000000000242,-0.8984533333333331,0.040966111111111335,0.7929716666666669
FR,France,2016,8,4.5836,4.6678,12.41,1.9763,5.0799,52.378,27.5362,22.2705,0.813,31.9,10.057,42880.2351355431,8.3,5.2,24.4,2.0,6.0,6.5,1.4,0.011136666666666054,-0.9629966666666672,0.04192555555555503,0.8834033333333329
FR,France,2018,9,4.619,4.7247,13.1081,1.9425,4.8848,52.3736,31.0602,23.4328,0.797,32.4,9.018,46381.0590629457,8.2,5.1,24.0,1.8,6.0,6.2,1.4,0.028405000000000236,-0.9989533333333331,0.0441494444444445,0.8901216666666667
FR,France,2020,10,4.6866,4.7156,13.3649,1.8988,5.0707,49.5436,27.8199,23.8746,0.789,30.7,8.009,49481.8044309655,9.0,5.2,27.2,1.9,7.0,6.1,1.5,0.013683333333333122,-1.0266499999999998,0.05391666666666669,0.9252500000000001
FR,France,2023,11,4.5551,4.3083,13.1774,1.9697,5.0337,50.2245,25.4946,21.6827,0.81,31.8,7.335,60838.9416716424,8.8,5.0,23.3,1.8,6.3,6.2,1.5,-0.014866666666667102,-0.9680833333333339,0.03217777777777734,0.9421166666666663
GB,United Kingdom,2002,1,5.0473,4.3875,12.7074,2.3325,5.135,48.5697,29.4778,15.8382,0.801,35.1,5.037,44539.4636492853,,,,,,,,0.2772316666666663,-0.7106933333333336,0.017842777777777503,0.26808166666666633
GB,United Kingdom,2004,2,5.1363,4.4451,12.1072,2.2878,4.9772,47.8953,32.1183,16.9215,0.801,34.8,4.594,46558.1299600699,,,,,,,,0.37305333333333374,-0.766763333333333,-0.06200222222222177,0.30018666666666705
GB,United Kingdom,2006,3,5.4035,4.0808,13.3386,2.2779,5.1155,49.4545,31.8487,16.6249,0.805,35.9,5.472,48215.0486668938,,,,,,,,0.32999833333333317,-0.7680266666666671,-0.05401277777777791,0.3540483333333331
GB,United Kingdom,2008,4,5.2687,4.0465,13.5073,2.2316,5.0061,49.1162,31.5227,17.9422,0.805,35.4,5.748,48833.0712359377,,,,,,,,0.3250566666666665,-0.8217933333333338,-0.01723222222222261,0.36005666666666647
GB,United Kingdom,2010,5,5.3557,3.98,13.0372,2.1135,5.071,49.9954,31.4132,18.9926,0.803,33.7,7.973,46917.8912974837,,,,,,,,0.4137516666666666,-0.8140233333333334,-0.08303722222222243,0.3179516666666664
GB,United Kingdom,2012,6,5.3862,4.1958,13.2509,2.0674,5.0836,51.8292,30.6042,20.1225,0.804,33.1,8.279,47328.2100308702,,,,,,,,0.4346050000000002,-0.8002199999999997,-0.11126166666666644,0.3152050000000002
GB,United Kingdom,2014,7,5.3757,3.8609,13.5296,2.056,5.0143,52.1988,28.4262,22.129,0.8,33.1,6.398,48964.2863514962,,,,,,,,0.36407000000000006,-0.8637799999999999,-0.08869666666666672,0.4507199999999998
GB,United Kingdom,2016,8,5.3245,3.7621,13.8062,1.9743,4.9316,51.3842,27.6726,22.5625,0.788,33.1,4.909,50346.8592925717,,,,,,,,0.31078333333333347,-0.8606,-0.04224999999999982,0.4578000000000002
GB,United Kingdom,2018,9,5.1751,3.6064,14.2092,2.0356,4.9444,52.3999,29.4465,21.6425,0.809,33.7,4.145,52131.6948248133,,,,,,,,0.34194833333333347,-0.9289599999999999,-0.01431833333333321,0.4375150000000001
GB,United Kingdom,2020,10,5.4256,3.4908,14.3972,2.062,4.973,55.7093,33.0139,21.8451,0.8,32.7,4.472,47158.985486323,,,,,,,,0.31000833333333305,-1.0408833333333336,0.03628611111111087,0.5214416666666664
GB,United Kingdom,2023,11,5.4018,3.4175,14.3716,1.9856,4.6315,53.5726,37.1565,26.247,0.768,32.4,4.025,52592.6822066393,,,,,,,,0.2669550000000003,-0.8983033333333331,0.013766111111111368,0.4772216666666671
GR,Greece,2002,1,3.6401,7.6669,9.743,2.1993,5.6576,49.6616,56.0047,18.4334,0.806,35.5,10.346,34081.0289759343,6.1,4.0,14.1,3.0,5.4,11.4,0.7,0.49798833333333353,-0.5550033333333331,-0.3260338888888888,0.29707166666666684
GR,Greece,2004,2,3.9048,7.318,9.9239,2.104,5.6826,50.0353,54.262,17.0407,0.806,33.6,10.628,37811.4913664483,5.8,4.2,14.4,3.0,6.4,11.8,0.7,0.5910116666666666,-0.5857466666666666,-0.3939994444444445,0.2902283333333333
GR,Greece,2008,4,3.9237,6.2682,11.3979,2.3834,5.1154,45.0386,65.3623,9.6525,0.813,33.6,7.664,41709.3877420312,6.5,3.8,17.3,3.0,5.7,11.6,0.8,0.38000333333333297,-0.4288133333333337,-0.19305222222222249,0.14838666666666644
GR,Greece,2010,5,4.0214,6.1632,11.2625,2.4688,5.1143,47.5962,56.1003,15.1381,0.814,34.1,12.719,37566.7483686263,6.9,4.2,19.0,2.7,4.5,12.4,0.7,0.5435433333333334,-0.59639,-0.26372333333333337,0.17666000000000004
GR,Greece,2020,10,4.415,6.2942,12.4802,2.3665,5.2692,50.3803,56.0801,5.3591,0.67,33.6,15.899,30487.1129331045,6.6,4.4,22.3,2.5,9.8,8.3,1.1,0.26142499999999985,-0.4504499999999998,-0.08587499999999985,0.18712499999999999
GR,Greece,2023,11,4.4554,6.3456,12.1985,2.1844,5.313,50.9978,55.1361,5.0417,0.584,33.4,11.023,36700.5134631055,5.8,4.0,18.5,2.2,5.9,8.2,1.1,0.2474516666666665,-0.46204000000000023,-0.14678166666666703,0.3110349999999995
HR,Croatia,2008,4,4.1735,6.1491,11.6085,1.793,5.2558,47.3097,32.343,17.2507,0.641,33.7,8.53,31113.8644665737,5.9,4.9,13.2,1.5,9.6,4.2,2.0,0.534906666666667,-0.660426666666666,-0.21027111111111077,0.1734733333333336
HR,Croatia,2010,5,4.5678,6.14,11.0583,1.7478,4.8686,50.9014,30.6707,18.0109,0.734,32.4,11.62,28702.0030009381,6.5,5.3,14.6,1.3,9.0,4.4,2.1,0.6311116666666665,-0.6691966666666669,-0.30853277777777793,0.1853283333333331
HR,Croatia,2018,9,4.0161,5.6315,11.9672,1.6915,4.7894,51.1557,38.011,21.1602,0.617,29.7,8.322,33729.9071211239,6.9,4.8,13.9,1.1,6.9,5.7,1.7,0.56493,-0.7743366666666665,-0.22528111111111096,0.26486333333333345
HR,Croatia,2020,10,4.6552,5.6152,12.0781,1.5888,5.197,50.262,31.4465,21.4196,0.66,29.5,7.389,32493.3121954167,8.7,5.7,15.6,1.1,9.9,5.8,2.0,0.424475,-0.8118166666666664,-0.13813611111111093,0.38230833333333347
HR,Croatia,2023,11,4.5728,5.5802,11.9094,1.6273,5.2068,51.63,29.6605,20.7294,0.646,30.1,6.121,41320.2032633085,7.8,5.3,13.0,1.3,7.8,4.8,2.0,0.56012,-0.77543,-0.2668466666666666,0.33552000000000004
HU,Hungary,2002,1,4.0794,4.3888,11.6467,2.255,4.9478,46.143,24.8812,6.9436,0.757,26.8,5.608,14532.3075182088,5.4,5.7,15.2,1.4,7.7,9.7,1.8,0.38900166666666686,-0.49812333333333303,-0.11362055555555539,0.08505166666666697
HU,Hungary,2004,2,4.0114,4.3555,11.2055,2.2427,5.0594,46.6172,35.9197,6.5421,0.762,29.9,5.832,16250.6523854316,5.5,5.9,15.7,1.3,5.4,9.8,1.8,0.3743333333333336,-0.5642999999999998,-0.06616666666666655,0.1020500000000002
HU,Hungary,2006,3,4.2841,4.4124,11.7369,2.0998,5.3323,51.0985,26.6491,6.6535,0.744,28.3,7.494,18361.9963871537,5.7,5.9,17.2,1.4,6.2,9.6,1.6,0.4093916666666666,-0.5732500000000003,-0.12710833333333338,0.14982499999999987
HU,Hungary,2008,4,4.1456,4.2884,12.2788,2.308,5.5567,47.7804,27.6554,5.8938,0.767,27.5,7.817,20708.7615120316,4.9,5.3,17.4,1.0,5.8,9.5,1.5,0.3570999999999998,-0.5025666666666666,-0.08231111111111115,0.09038333333333326
HU,Hungary,2010,5,4.483,4.226,12.7143,2.2764,5.9734,47.6079,32.4792,5.7015,0.676,29.4,11.172,21690.9866477738,5.0,5.5,17.3,1.2,5.9,9.3,1.8,0.32965000000000017,-0.48453333333333326,-0.06520555555555536,0.08786666666666676
HU,Hungary,2012,6,4.7996,4.0484,12.3448,2.2641,5.4089,47.1768,29.1252,3.7736,0.619,30.8,11.003,23205.310668404,5.1,4.7,16.6,0.7,7.2,9.6,1.9,0.35614166666666636,-0.4659000000000002,-0.058658333333333625,0.019674999999999665
HU,Hungary,2014,7,4.1746,3.6623,12.1865,2.2232,5.3243,49.8716,29.0513,4.2403,0.518,30.9,7.725,25796.2100959256,4.8,5.2,15.3,0.6,8.5,9.8,2.0,0.3334983333333332,-0.4480766666666667,-0.12254611111111109,0.13164833333333337
HU,Hungary,2016,8,4.5143,3.9662,11.9322,2.0834,5.8417,50.7813,33.0855,3.9033,0.471,30.3,5.115,28178.9450366919,4.7,4.9,14.2,0.8,7.3,8.1,3.2,0.23770166666666626,-0.3440066666666668,-0.06734277777777804,0.08846833333333315
HU,Hungary,2018,9,4.7486,3.8489,12.2755,2.1142,5.3509,50.9747,25.7229,3.4317,0.373,28.7,3.667,32258.2577892511,4.6,5.0,13.0,0.9,7.6,8.2,3.1,0.2384550000000004,-0.3602366666666663,-0.05262277777777754,0.0814883333333336
HU,Hungary,2020,10,4.6967,4.1395,12.1025,1.9471,5.7906,50.4889,27.4403,4.0022,0.358,28.2,4.248,35583.5855675637,6.3,4.7,13.4,1.1,9.8,8.0,3.9,0.27617333333333294,-0.4078766666666669,-0.0897711111111114,0.12827333333333302
HU,Hungary,2023,11,4.4674,4.3014,11.9516,1.8823,5.6641,50.5514,26.5248,4.7214,0.323,28.6,4.096,46592.3856070073,4.1,5.3,12.3,1.9,9.2,10.3,2.6,0.30302999999999997,-0.3488366666666667,-0.11771444444444452,0.0708633333333335
IE,Ireland,2002,1,5.4626,5.802,12.9924,2.1304,5.4077,45.708,32.6641,10.7038,0.811,32.3,4.216,35222.028724352,5.9,4.0,10.9,0.4,3.8,3.7,0.7,0.42241,-0.71864,-0.11965666666666674,0.26451
IE,Ireland,2004,2,5.8933,6.0048,12.5389,2.1407,5.2751,47.9361,31.7384,9.755,0.811,33.6,4.491,38729.2468204554,6.4,4.1,10.9,0.4,3.3,3.7,0.6,0.45581500000000047,-0.8075599999999996,-0.13865166666666617,0.3318150000000004
IE,Ireland,2006,3,5.3313,5.41,12.6857,2.1875,5.2566,46.2846,30.303,17.0,0.811,32.7,4.355,44222.6536034198,5.9,4.0,12.0,0.4,3.5,3.4,0.6,0.37690666666666733,-0.7400599999999995,-0.0853599999999995,0.3027400000000007
IE,Ireland,2008,4,5.4492,5.5594,13.9972,1.9688,5.1314,47.6184,26.5457,19.5011,0.828,30.9,6.774,44169.0943411644,6.9,4.7,15.1,0.4,5.3,3.8,0.8,0.4104333333333335,-0.78115,-0.055299999999999905,0.24844999999999984
IE,Ireland,2010,5,5.1178,4.9054,13.5211,2.0191,4.9634,46.1142,32.2718,19.4099,0.828,32.3,14.534,43212.2040003212,7.5,4.6,17.5,0.4,25.1,5.2,0.9,0.33128333333333276,-0.6031000000000004,-0.0728500000000003,0.21544999999999948
IE,Ireland,2012,6,5.0618,5.0677,13.9985,1.9889,5.1662,47.2617,31.6591,18.9498,0.822,33.2,15.451,46726.2157665366,7.6,5.0,15.7,0.4,3.2,6.5,0.8,0.4334716666666664,-0.690986666666667,-0.1403061111111111,0.25123833333333323
IE,Ireland,2014,7,5.1277,5.2096,13.7507,2.022,5.1102,49.3887,28.7091,17.1548,0.825,31.9,11.858,52640.7843918553,6.5,4.4,13.1,0.4,3.0,5.8,0.7,0.39621166666666685,-0.6383466666666666,-0.15249944444444438,0.27277833333333357
IE,Ireland,2016,8,5.5336,5.0734,14.5569,1.8671,5.3212,50.1616,26.9161,21.2913,0.819,32.8,8.374,73012.8198720374,5.1,3.4,9.7,0.3,2.4,3.9,0.6,0.30851833333333323,-0.6717899999999999,-0.11044833333333341,0.37468499999999993
IE,Ireland,2018,9,5.4487,4.9098,14.4544,1.9358,5.0371,52.2315,31.7668,22.9242,0.825,30.6,5.741,86299.3420216976,4.7,3.1,8.6,0.3,2.3,3.2,0.5,0.38113499999999984,-0.832306666666667,-0.10400944444444453,0.4166183333333331
IE,Ireland,2020,10,5.6411,5.0696,14.8618,1.8681,5.252,53.458,30.3855,23.8418,0.827,29.2,5.623,97799.9225748607,5.4,3.1,9.6,0.2,3.4,2.6,0.5,0.29061000000000003,-0.6917900000000001,-0.08759000000000006,0.38725999999999994
IE,Ireland,2023,11,5.4362,5.0583,14.7203,1.9437,4.931,53.6869,29.2308,19.881,0.829,29.0,4.243,129682.607150517,5.2,2.8,8.1,0.2,2.0,2.2,0.5,0.36260333333333367,-0.7487133333333329,-0.16115222222222192,0.446536666666667
IL,Israel,2002,1,4.7629,4.672,12.8222,1.7459,5.3007,41.7672,55.5645,67.1869,0.69,39.6,12.888,31897.5848832705,,,,,,,,0.40446666666666714,-0.44654999999999967,-0.0008666666666662751,-0.1588499999999995
IL,Israel,2008,4,5.2503,4.8629,12.9824,1.7254,6.0955,45.4189,62.2351,71.245,0.688,41.6,7.704,36827.9249156064,,,,,,,,0.43778666666666693,-0.37002999999999975,-0.06644666666666647,-0.1869799999999997
IL,Israel,2010,5,5.1653,4.9203,12.8992,1.7412,5.6816,45.4539,69.0518,70.0959,0.672,42.6,8.48,37722.4099869836,,,,,,,,0.36134166666666695,-0.4298999999999995,-0.026791666666666325,-0.0719249999999998
IL,Israel,2012,6,5.2412,5.0596,13.3065,1.7298,6.1571,44.4223,68.7799,69.2982,0.678,41.3,6.762,39299.3515506546,,,,,,,,0.4073683333333335,-0.3699899999999998,-0.07089833333333322,-0.1347149999999997
IL,Israel,2014,7,5.1526,4.7029,13.0823,1.6024,5.5919,47.6251,60.8509,66.8618,0.663,39.8,5.789,40872.5808449627,,,,,,,,0.41198833333333296,-0.49878666666666704,-0.041556111111111495,-0.05686166666666703
IL,Israel,2016,8,5.4572,5.1017,13.3697,1.5908,5.7514,46.9356,70.5514,63.6684,0.649,39.0,4.723,41963.675796165,,,,,,,,0.3909283333333328,-0.41369666666666705,-0.05744944444444496,-0.08652166666666727
IL,Israel,2023,11,5.2071,5.038,13.6424,1.9911,5.9682,43.3371,65.1448,50.1104,0.63,38.3,3.371,47527.151024672,,,,,,,,0.24761166666666648,-0.36081333333333365,0.0649227777777776,-0.10798833333333357
IS,Iceland,2004,2,6.3684,6.0565,13.239,1.5659,5.0901,44.5018,38.5289,5.1813,0.782,28.0,4.031,54592.5314628804,8.1,7.6,9.1,0.0,6.3,9.4,3.5,-0.17974000000000037,-0.9550066666666672,0.33491555555555513,0.7222433333333331
IS,Iceland,2012,6,6.012,5.2926,14.5264,1.5764,5.368,44.1835,40.6667,9.7074,0.796,26.8,6.0,57173.0434212296,7.2,7.0,10.3,0.0,4.7,12.8,3.0,-0.18868666666666659,-1.0025366666666666,0.350568888888889,0.7597133333333335
IS,Iceland,2016,8,6.3959,4.9669,14.955,1.4949,5.1321,48.6909,35.9179,11.9318,0.779,27.2,2.978,63612.5551585223,7.4,6.7,13.1,0.0,4.9,8.8,3.0,-0.2109633333333334,-1.1100466666666668,0.3329255555555554,0.9271033333333332
IS,Iceland,2018,9,6.5716,4.9719,15.4111,1.4685,4.8247,50.1835,35.814,11.8467,0.795,26.6,2.704,65521.9313424781,7.8,7.0,9.8,0.0,5.4,7.9,3.1,-0.15154666666666664,-1.1340633333333332,0.2800311111111111,0.9413366666666665
IS,Iceland,2020,10,6.5967,4.9922,15.5772,1.5084,5.0388,50.144,39.8446,12.5138,0.785,26.8,5.478,59543.813498684,8.7,8.1,13.9,0.1,6.3,7.5,3.5,-0.17042833333333363,-1.1594533333333334,0.3453827777777776,0.8970216666666664
IS,Iceland,2023,11,6.6211,4.7095,16.0989,1.4394,4.8515,50.3373,39.6429,17.3397,0.755,26.8,3.518,68118.3960312086,8.2,6.7,10.8,0.1,4.9,8.8,3.0,-0.19868166666666612,-1.1936399999999994,0.4120183333333339,0.8736350000000004
IT,Italy,2012,6,4.8293,5.9089,12.5727,2.1007,4.6671,47.082,17.8571,10.0,0.791,35.2,10.655,47795.9579360541,7.1,4.1,20.2,1.3,4.3,9.6,0.6,0.7231166666666667,-0.6713333333333333,-0.25470555555555546,-0.03128333333333333
IT,Italy,2016,8,4.5586,5.6539,11.5259,2.3092,5.1514,48.8079,17.0416,10.7388,0.794,35.2,11.688,47987.8379581014,6.8,3.9,20.8,1.3,4.2,8.0,0.8,0.7240083333333333,-0.42890000000000006,-0.3452583333333332,-0.1392249999999997
IT,Italy,2018,9,4.7858,5.595,11.4942,2.2245,5.2644,51.2768,18.3845,11.949,0.788,35.2,10.538,49133.143527174,6.7,4.0,20.6,1.2,4.2,7.7,0.8,0.7658033333333334,-0.45077999999999974,-0.38433,-0.12142999999999993
IT,Italy,2020,10,5.0065,5.2979,12.4366,2.1353,5.1337,51.5857,12.2294,9.2424,0.78,35.2,9.192,45505.0688708956,7.8,4.3,25.0,1.4,5.9,8.0,0.8,0.6105716666666668,-0.42091999999999996,-0.24676166666666668,-0.12479499999999999
IT,Italy,2023,11,4.5302,5.3942,11.9917,2.2134,5.1715,52.4981,11.5479,9.7033,0.732,34.3,7.627,52870.3261442897,6.5,3.9,21.1,1.2,5.8,7.4,0.8,0.6319983333333333,-0.43071000000000015,-0.3178016666666668,-0.04058500000000009
LT,Lithuania,2010,5,4.7837,5.6632,12.1243,2.4923,5.1482,51.9719,36.6426,11.0316,0.791,33.6,17.814,26887.4913057701,5.5,6.0,16.1,1.1,4.7,5.2,1.0,0.4511966666666664,-0.31137000000000015,-0.3058366666666668,0.09332999999999991
LT,Lithuania,2012,6,5.0799,5.626,12.5026,2.4955,4.9289,48.4528,34.8672,9.1987,0.784,35.1,13.365,30920.330402208,4.7,5.4,13.4,0.9,3.7,4.8,0.8,0.3629733333333334,-0.11360999999999999,-0.23605999999999985,-0.07675999999999994
LT,Lithuania,2014,7,4.7698,5.4645,12.5113,2.3515,4.9308,49.7257,33.0667,10.8,0.774,37.7,10.698,33975.0843756963,4.5,5.1,12.6,1.0,3.6,4.8,0.9,0.4766266666666665,-0.19179000000000013,-0.3187733333333334,-0.044990000000000085
LT,Lithuania,2016,8,5.1767,5.6943,12.7728,2.4,5.4123,49.9169,41.8002,8.6239,0.772,38.4,7.862,36618.1468417838,4.8,4.8,12.3,1.5,3.4,4.3,1.0,0.4312483333333333,-0.13944333333333336,-0.30880722222222207,-0.04421833333333325
LT,Lithuania,2018,9,4.5622,5.6359,12.3482,2.2266,4.9157,56.3281,26.31,8.0109,0.75,35.7,6.147,41019.7901632878,4.7,4.5,13.0,1.7,3.1,3.3,1.1,0.4379800000000002,-0.2868533333333332,-0.3193088888888888,0.10884666666666676
LT,Lithuania,2020,10,4.9358,5.0897,13.5676,2.1601,5.3317,51.4195,28.8043,9.8855,0.75,36.0,8.487,43091.7973723526,5.9,5.1,15.8,2.3,5.8,3.4,1.4,0.23258,-0.2923699999999998,-0.15415333333333336,0.17473000000000005
LT,Lithuania,2023,11,5.0993,5.1503,13.682,2.1187,5.2096,50.3368,39.9853,12.6007,0.726,36.0,6.841,46159.7081733083,5.3,5.1,14.0,2.5,3.3,3.4,1.2,0.1236883333333328,-0.2131700000000003,-0.04097833333333393,0.08910499999999955
LU,Luxembourg,2004,2,5.008,4.3378,11.6958,2.1273,5.1711,43.5541,20.2462,48.5015,0.792,30.2,5.113,123720.261499488,5.4,4.9,17.1,0.3,6.6,5.5,1.3,0.23445500000000008,-0.7929866666666665,-0.028989444444444217,0.4847883333333336
LV,Latvia,2008,4,4.1164,4.0374,12.2789,2.5363,5.7462,48.3167,45.0961,29.2424,0.684,37.2,7.739,28726.9722869522,4.5,6.6,9.4,1.5,7.8,4.0,1.9,0.35644833333333353,-0.23342666666666645,-0.21642944444444426,0.023398333333333632
LV,Latvia,2018,9,4.2993,4.1573,13.2295,2.0603,5.7875,55.8519,28.0568,32.5708,0.745,35.1,7.412,34729.7062763057,4.2,6.0,11.9,2.2,6.4,4.3,1.7,0.3164283333333331,-0.6391800000000003,-0.19477166666666687,0.45669499999999963
LV,Latvia,2023,11,3.9479,3.4737,13.5012,2.1258,5.9342,56.6386,45.3163,21.9649,0.765,34.0,6.465,37277.7217221317,5.3,6.1,13.5,3.1,6.4,3.9,1.3,0.26507833333333314,-0.41218,-0.2577883333333333,0.4012450000000001
ME,Montenegro,2018,9,3.4908,4.9839,12.2423,1.6938,4.2332,48.4233,27.7963,14.5833,0.36,36.8,15.19,23562.2739681383,,,,,,,,0.5426766666666664,-0.66324,-0.16209000000000037,0.09235999999999955
ME,Montenegro,2020,10,3.8299,5.6846,11.8756,1.9077,3.6374,47.0618,36.1852,10.0156,0.378,35.4,17.878,20904.6866227364,,,,,,,,0.47694666666666663,-0.38535333333333344,-0.2468422222222224,0.04019666666666666
ME,Montenegro,2023,11,4.1891,5.6488,11.5794,1.9562,4.2076,50.0643,42.6342,8.5768,0.471,34.3,13.146,27243.51720726,,,,,,,,0.23851666666666693,-0.1479999999999997,-0.15681666666666652,0.025450000000000417
MK,North Macedonia,2020,10,3.3656,6.9915,11.5221,1.8086,5.4477,51.4459,29.6919,11.0567,0.404,33.5,16.575,20971.5290718387,,,,,,,,0.5164233333333333,-0.5211433333333333,-0.28353222222222235,0.17180666666666666
NL,Netherlands,2002,1,5.7084,5.1191,12.8273,2.0759,5.2981,48.0694,29.2589,11.8866,0.803,29.8,2.554,34568.4593268108,5.1,4.9,15.6,1.4,5.8,6.4,1.5,0.1716899999999999,-0.7264600000000003,0.05232333333333313,0.3904399999999999
NL,Netherlands,2004,2,5.8005,5.0379,12.2728,2.0656,5.1642,49.4337,31.6658,15.6831,0.809,29.8,4.646,35960.7138360683,5.3,5.2,16.0,1.4,5.5,6.0,1.4,0.18658666666666704,-0.7534633333333329,0.0468644444444446,0.403286666666667
NL,Netherlands,2006,3,5.7289,4.8895,13.0791,2.0714,5.1232,48.874,32.0445,15.6697,0.814,30.0,5.007,41208.0462204734,6.6,5.2,15.1,1.3,4.9,5.7,1.4,0.13489166666666655,-0.7035,0.09629166666666666,0.35672499999999996
NL,Netherlands,2008,4,5.8901,4.8544,13.244,2.0498,5.153,49.3076,34.7582,15.3543,0.822,29.3,3.658,46714.3454301392,6.5,5.3,15.1,1.2,5.1,5.8,1.4,0.15583999999999998,-0.7273100000000001,0.09697333333333329,0.3480899999999998
NL,Netherlands,2010,5,5.9995,4.7482,13.3367,2.0022,5.3011,50.4177,30.9081,14.4888,0.826,27.8,4.991,45301.269581608,7.7,5.6,17.2,1.3,5.8,5.7,1.5,0.1481516666666661,-0.7384733333333338,0.09042944444444394,0.3806016666666663
NL,Netherlands,2012,6,5.9278,4.5487,13.5603,1.9619,5.3117,51.1691,29.5935,16.5312,0.825,27.6,5.821,47653.3401651371,8.1,5.5,17.3,1.1,5.1,5.1,1.4,0.16420833333333315,-0.7063000000000001,0.08804166666666635,0.3279249999999998
NL,Netherlands,2014,7,5.975,4.2496,13.6984,1.9655,5.1217,50.7422,32.1001,17.6655,0.832,28.6,7.419,49751.3092860822,7.9,5.3,17.4,1.1,4.8,5.2,1.2,0.14388333333333345,-0.7045999999999999,0.08848333333333347,0.3560500000000002
NL,Netherlands,2016,8,6.0131,4.2989,13.8086,1.9516,5.2114,51.2213,28.7329,15.7049,0.832,28.2,6.007,53162.2791598028,7.1,5.2,17.1,1.1,4.3,4.2,1.2,0.12181500000000008,-0.8541099999999999,0.19571500000000017,0.377815
NL,Netherlands,2018,9,6.2077,3.9448,14.093,1.8999,5.1246,48.6637,27.6151,18.3503,0.831,28.1,3.832,58819.2609142584,7.2,5.0,16.2,1.1,4.2,4.0,1.2,0.1639016666666667,-0.8203399999999998,0.16350166666666657,0.32923500000000017
NL,Netherlands,2020,10,6.5385,4.0655,15.0096,1.8468,5.1363,48.6246,30.4437,17.1429,0.806,26.0,3.82,62596.6302027524,8.1,5.1,17.3,1.3,6.6,4.2,1.2,0.07422000000000024,-0.9190966666666665,0.2796088888888891,0.38835333333333333
NL,Netherlands,2023,11,6.2552,3.8334,14.8618,1.8152,5.0466,50.5225,27.3318,18.1711,0.79,25.7,3.535,81728.6904629268,7.0,4.9,16.2,1.3,5.1,3.6,1.1,0.08702833333333333,-0.9070133333333334,0.23143944444444445,0.42931166666666654
NO,Norway,2002,1,6.6007,4.1094,13.2482,1.6516,5.3317,45.8247,35.6265,9.5285,0.857,27.6,4.022,38056.2404278106,7.9,5.8,17.7,2.0,4.9,5.5,1.4,0.19972500000000007,-0.7475833333333333,0.006869444444444521,0.4376916666666668
NO,Norway,2004,2,6.628,4.0006,13.1746,1.6416,5.0499,45.5148,34.3945,12.0455,0.857,31.6,4.256,42667.2192035819,7.7,5.6,17.4,1.7,4.1,5.2,1.3,0.2365699999999998,-0.72353,-0.03906333333333345,0.42727000000000004
NO,Norway,2006,3,6.8216,3.8079,13.3631,1.6021,5.2462,45.5872,29.7483,11.7714,0.864,26.4,3.397,54357.5748137787,6.9,4.9,15.3,1.5,3.7,5.6,1.2,0.2305583333333335,-0.7607999999999999,-0.016974999999999962,0.44042500000000007
NO,Norway,2008,4,6.6217,3.733,13.4137,1.6037,5.3283,45.7578,32.4709,12.9761,0.864,27.0,2.521,62072.7539854909,6.5,4.6,15.1,1.5,4.0,5.3,1.4,0.19699166666666615,-0.7448333333333341,0.014502777777777384,0.42759166666666615
NO,Norway,2010,5,6.6807,3.9151,13.56,1.6001,5.4884,46.3805,30.6995,13.8889,0.868,25.7,3.527,58213.1333665855,7.3,5.2,17.5,1.5,4.7,5.0,1.6,0.15932333333333318,-0.8601266666666667,0.09194555555555528,0.48322333333333334
NO,Norway,2012,6,6.6975,3.8054,13.071,1.5877,5.6386,45.9963,35.4501,16.8719,0.87,25.7,3.129,65774.3520746224,7.1,4.9,17.2,1.3,4.5,4.3,1.5,0.15481999999999996,-0.77068,0.04995333333333344,0.46351999999999993
NO,Norway,2014,7,6.6167,3.6087,13.8522,1.5648,5.3393,46.7268,32.3345,16.6435,0.856,26.8,3.486,66332.4614374198,7.7,5.1,18.1,1.4,5.1,4.5,1.6,0.1512366666666661,-0.8017300000000005,0.020969999999999562,0.5434199999999993
NO,Norway,2016,8,6.8016,3.5502,14.0733,1.5208,5.2091,46.9631,32.21,16.5696,0.862,28.5,4.68,59280.1992028829,8.6,5.6,20.4,1.6,5.7,4.7,1.7,0.14912666666666663,-0.8457733333333334,0.03613777777777768,0.5678766666666666
NO,Norway,2018,9,6.7602,3.2117,14.0251,1.4235,5.0198,47.1012,32.0029,16.1451,0.845,27.6,3.801,70253.8463693386,8.1,5.4,18.9,1.7,5.5,4.4,1.7,0.19882500000000025,-0.8540999999999997,-0.029041666666666337,0.5994250000000003
NO,Norway,2020,10,6.8224,3.205,14.7854,1.4443,5.0138,47.3111,37.8282,17.2218,0.832,28.4,4.424,67110.6045705502,9.5,5.8,21.9,2.0,8.1,5.0,2.0,0.19248500000000032,-0.9956233333333329,0.06872944444444477,0.603801666666667
NO,Norway,2023,11,6.6999,3.1772,14.852,1.4061,5.135,48.4554,32.3353,19.2221,0.833,26.5,3.574,103637.516843678,8.0,4.6,17.5,1.8,5.6,5.0,1.5,0.16597499999999984,-0.9564833333333336,0.053152777777777604,0.6277916666666665
PL,Poland,2002,1,3.7158,6.5259,11.3994,2.226,5.103,42.9038,27.4109,6.3033,0.812,34.1,20.211,11841.2684087721,4.4,6.1,18.4,1.6,3.4,6.0,1.1,0.6150800000000003,-0.6258533333333332,-0.34414222222222207,0.2194466666666668
PL,Poland,2004,2,3.6022,6.5341,11.5937,2.1981,5.4321,42.1935,31.4653,4.2541,0.812,38.0,18.822,13413.0543202274,4.2,5.6,17.5,1.6,3.5,6.2,1.0,0.6369366666666663,-0.6001300000000005,-0.3515633333333339,0.17206999999999972
PL,Poland,2006,3,4.0747,6.4813,11.5068,2.0997,5.7711,43.7147,30.2678,4.4741,0.805,34.7,13.794,15204.8809890545,4.6,5.9,16.8,1.6,4.7,5.7,1.2,0.6256016666666665,-0.6381233333333336,-0.3219205555555556,0.18260166666666655
PL,Poland,2008,4,4.174,6.409,12.1035,1.9887,5.7461,44.6442,29.7833,4.756,0.831,33.5,7.069,18372.37645483,4.9,5.6,15.5,1.9,5.7,5.3,1.3,0.5757133333333333,-0.6346866666666664,-0.2822977777777777,0.19456333333333342
PL,Poland,2010,5,4.3879,6.1625,12.4407,1.9471,5.6262,44.4049,32.1654,4.4546,0.831,33.2,9.578,20990.9122325468,5.0,5.6,16.4,1.6,6.4,5.7,1.4,0.6565166666666666,-0.6533000000000002,-0.31798333333333345,0.14549999999999996
PL,Poland,2012,6,4.1321,6.192,12.3259,1.9428,5.6741,46.0991,30.5085,5.058,0.832,33.0,10.031,23728.1456821435,4.6,5.4,15.7,1.5,5.4,5.8,1.2,0.6872899999999996,-0.6628600000000002,-0.33731000000000044,0.13788999999999962
PL,Poland,2014,7,3.9479,6.3386,12.302,1.9033,5.7914,47.2972,26.1682,5.6966,0.817,32.8,8.971,25459.7392273761,4.7,5.3,16.0,1.5,5.3,5.1,1.2,0.7365316666666663,-0.7184100000000002,-0.4239016666666671,0.2494649999999996
PL,Poland,2016,8,4.0819,6.4046,12.4901,1.863,5.8603,47.1684,23.8293,3.4829,0.593,31.2,6.141,28359.6927346266,4.6,5.0,16.6,1.6,4.4,4.7,1.1,0.6674383333333335,-0.6902533333333329,-0.3466838888888886,0.20912166666666687
PL,Poland,2018,9,4.0368,6.1052,12.7033,1.8071,5.7985,47.6187,22.5333,3.9333,0.523,30.2,3.835,32345.1066076225,4.7,4.9,16.0,1.6,5.0,4.3,1.3,0.7311083333333334,-0.6517833333333336,-0.4040805555555556,0.16124166666666673
PL,Poland,2023,11,4.5532,5.8441,13.5262,1.762,5.5412,48.7341,24.1835,3.3287,0.452,28.5,2.743,48473.0940286419,5.7,5.0,16.9,2.1,7.5,4.9,1.3,0.6245116666666669,-0.7210466666666666,-0.32413277777777766,0.2704783333333334
PT,Portugal,2002,1,4.0007,5.6126,7.4414,2.221,4.946,47.861,41.6112,7.6109,0.824,38.8,4.497,20356.647299736,6.6,6.5,13.4,1.3,4.9,6.2,1.3,0.30291000000000023,-0.56209,-0.049523333333332996,0.18201000000000023
PT,Portugal,2004,2,3.8751,5.344,7.4465,2.1085,4.9511,49.352,41.7361,6.4815,0.823,38.9,6.319,21475.5711021267,7.3,6.6,14.7,1.3,5.3,6.6,1.2,0.3269366666666668,-0.4082300000000001,-0.1437966666666665,0.13352000000000008
PT,Portugal,2006,3,4.0894,5.7867,7.171,2.0984,4.9213,51.2952,33.2721,8.9109,0.84,38.1,7.649,24677.2834629922,7.0,6.4,15.1,1.3,4.3,6.8,1.1,0.44046833333333374,-0.5783899999999995,-0.15779833333333274,0.15438500000000044
PT,Portugal,2008,4,3.6469,5.9546,7.7098,2.28,4.826,52.7481,38.7426,7.858,0.839,36.6,7.553,26665.8372952939,7.3,6.0,15.2,1.2,3.8,7.6,1.1,0.42862500000000026,-0.5403,-0.10977499999999996,0.062025
PT,Portugal,2010,5,3.7174,5.6816,7.3827,2.2683,4.9696,53.9772,44.0299,9.3023,0.843,35.8,10.771,27292.0819531528,7.5,6.7,17.4,1.9,6.4,7.5,1.2,0.3765883333333336,-0.4444033333333328,-0.11446722222222183,0.051221666666667165
PT,Portugal,2012,6,3.5957,5.2403,8.0829,2.226,4.9303,52.2947,44.993,8.4612,0.832,36.0,15.509,26476.2182777269,6.6,5.4,18.5,1.1,4.0,9.2,1.1,0.4199849999999998,-0.4473066666666672,-0.1465927777777781,0.03721833333333291
PT,Portugal,2014,7,3.6669,5.431,8.8037,2.0783,4.8946,52.8988,31.6957,10.9881,0.831,35.6,13.88,28764.5254955042,6.3,5.3,19.1,1.1,7.0,9.1,0.9,0.3330099999999998,-0.6479733333333337,-0.03604555555555574,0.20252666666666652
PT,Portugal,2016,8,4.1308,5.5568,10.1049,1.9643,4.6589,52.0488,35.9621,11.0236,0.83,35.2,11.058,31589.2695609552,6.1,4.8,18.1,0.9,3.2,8.2,0.8,0.17083999999999921,-0.7221266666666672,0.1377622222222216,0.2592233333333327
PT,Portugal,2018,9,4.0711,5.3683,10.4042,1.9073,4.8105,52.363,37.6303,15.6398,0.849,33.5,6.966,34896.7993382974,6.5,4.4,17.0,0.9,3.7,7.1,0.9,0.23142500000000052,-0.7422666666666664,0.11751388888888936,0.2188583333333336
PT,Portugal,2020,10,3.8511,5.5302,9.7316,2.0182,4.9038,54.0512,32.9521,13.765,0.807,34.7,6.85,35966.712796561,7.4,4.7,19.0,0.8,6.2,6.9,0.9,0.28854499999999944,-0.6518300000000004,0.023411666666666314,0.18389499999999948
PT,Portugal,2023,11,4.1912,5.5858,10.5593,1.9934,4.9371,54.2972,39.1399,16.9701,0.757,33.9,6.498,49352.8388613032,6.7,4.3,16.6,0.8,4.4,5.8,0.9,0.27877000000000046,-0.5801466666666664,0.01469222222222255,0.13995333333333382
RO,Romania,2008,4,3.7938,6.7576,11.2529,2.2438,5.5853,46.0832,29.6435,1.7241,0.498,36.4,5.787,27039.7122195334,3.6,4.3,11.0,1.4,7.8,4.7,1.1,0.4255300000000002,-0.25461999999999985,-0.23453666666666648,-0.03186999999999984
RS,Serbia,2018,9,3.7457,5.868,11.2209,1.9534,4.3762,53.6081,43.5634,20.2154,0.284,35.0,12.733,20454.310707953,,,,,,,,0.7054033333333334,-0.7369633333333332,-0.24958555555555542,0.05323666666666682
RS,Serbia,2023,11,4.346,6.2319,12.1911,1.717,4.6635,52.4686,36.6902,15.9309,0.247,32.8,8.268,25735.2402009063,,,,,,,,0.5263949999999998,-0.738596666666667,-0.17131611111111136,0.20597833333333293
RU,Russia,2006,3,3.8333,4.2015,12.0271,2.4609,5.1532,46.0464,41.2541,13.1309,0.148,41.0,7.055,30022.671875,,,,,,,,0.5943183333333333,-0.40955666666666635,-0.3766594444444444,0.08306833333333352
RU,Russia,2008,4,3.9414,4.4992,12.2473,2.4206,5.3922,47.2061,41.0636,11.5048,0.137,41.6,6.205,34342.2265625,,,,,,,,0.5987850000000002,-0.42392333333333276,-0.3915705555555555,0.1131016666666671
RU,Russia,2010,5,4.1642,4.6851,12.4786,2.2609,5.1879,46.4194,42.5926,12.2158,0.136,39.5,7.407,33063.5859375,,,,,,,,0.5214516666666668,-0.36963999999999997,-0.33648166666666657,0.09218500000000018
RU,Russia,2012,6,4.387,4.4887,12.8225,2.3961,5.309,45.9956,44.0548,11.6345,0.12,40.7,5.484,35740.69921875,,,,,,,,0.49152666666666694,-0.33115666666666654,-0.332551111111111,0.09269333333333374
RU,Russia,2016,8,4.3934,4.3915,13.0457,2.0497,5.1321,46.7288,44.0545,10.1646,0.106,36.7,5.591,35005.44921875,,,,,,,,0.4099533333333336,-0.3062299999999998,-0.2685466666666665,0.0941200000000002
SE,Sweden,2002,1,6.0944,3.7152,12.0095,1.8111,4.8821,46.2637,32.8987,18.4592,0.876,26.2,4.965,30987.2674908129,6.6,7.4,22.4,2.0,4.1,7.3,1.4,0.12627166666666664,-0.8271200000000003,0.11107166666666639,0.4711049999999999
SE,Sweden,2004,2,6.0531,3.5816,12.087,1.8811,5.2191,46.9215,33.9332,17.0945,0.874,26.1,6.693,33804.8571053135,6.6,7.3,22.9,1.8,4.1,6.3,1.4,0.10618833333333333,-0.8325866666666668,0.12551055555555543,0.48503833333333324
SE,Sweden,2006,3,6.2767,3.5463,12.566,1.8015,5.225,46.9439,36.0374,20.2906,0.877,26.4,7.066,37671.6747821444,6.5,7.2,21.7,1.5,4.1,6.4,1.4,0.07198166666666683,-0.8512266666666664,0.14710388888888914,0.5225983333333335
SE,Sweden,2008,4,6.3505,3.3893,12.699,1.754,5.1199,47.5967,35.0301,20.2186,0.881,28.1,6.235,41906.6990173542,6.7,7.1,20.6,1.4,4.5,6.4,1.4,0.09361166666666643,-0.8644633333333336,0.1477227777777775,0.5024616666666664
SE,Sweden,2010,5,6.3403,3.4558,12.6443,1.7483,5.5425,48.6025,33.4448,19.7729,0.882,27.7,8.61,41951.4533673936,6.9,7.1,21.0,1.5,4.6,6.0,1.5,-0.014676666666666597,-1.0033599999999998,0.23665666666666674,0.6703900000000003
SE,Sweden,2012,6,6.006,3.1725,12.8505,1.7216,5.3128,47.8271,39.8484,23.0103,0.887,27.6,7.976,45206.9864434727,7.0,7.1,21.1,1.4,4.7,6.3,1.4,0.09585833333333331,-0.9411333333333334,0.11080277777777765,0.6311416666666667
SE,Sweden,2014,7,6.2454,3.1725,13.1433,1.7104,5.0471,49.6657,37.1508,20.7147,0.886,28.4,7.954,46841.4019746739,7.1,7.3,21.3,1.3,4.9,6.0,1.5,0.053221666666666646,-1.0373199999999998,0.13695500000000008,0.7520550000000001
SE,Sweden,2016,8,6.217,2.9792,13.279,1.7618,5.222,51.5643,32.772,20.3095,0.884,29.6,6.99,50289.7687144136,7.1,7.3,21.2,1.2,4.7,5.3,1.4,0.025835000000000125,-1.0321566666666664,0.1339572222222225,0.7924683333333336
SE,Sweden,2018,9,6.3257,3.0682,13.6285,1.7017,5.1685,52.5289,39.3346,24.1066,0.878,30.0,6.365,53122.438677218,7.2,7.6,20.4,1.2,4.8,5.6,1.4,0.06291499999999998,-1.0061766666666667,0.09600388888888893,0.7677983333333336
SE,Sweden,2023,11,6.2636,2.9601,14.1762,1.6308,4.877,54.0927,37.3779,23.0894,0.845,29.3,7.611,69226.3272756663,7.4,7.3,18.9,1.8,5.1,5.3,1.4,-0.023925000000000196,-1.1132833333333334,0.17645277777777743,0.8844916666666662
SI,Slovenia,2002,1,3.9768,4.8631,11.382,1.8163,4.7013,44.4154,23.6037,11.7841,0.763,29.1,5.922,20004.2990959715,6.8,6.5,17.9,1.2,4.8,6.0,1.3,0.3994750000000001,-0.4367333333333332,-0.14108055555555543,0.04914166666666664
SI,Slovenia,2004,2,4.1343,4.8715,11.2662,1.8211,5.0145,45.4181,23.3983,19.2788,0.736,24.8,6.012,22587.7819716494,6.5,6.4,17.6,1.4,4.5,5.8,1.3,0.3464549999999999,-0.4470700000000003,-0.12104500000000022,0.10895499999999991
SI,Slovenia,2006,3,4.0625,4.6946,11.6208,1.8399,4.7764,46.4181,25.4582,18.4959,0.737,24.4,5.95,25571.066947369,6.3,6.4,17.2,1.4,4.4,5.5,1.3,0.3395250000000005,-0.4643999999999995,-0.09937499999999948,0.10417500000000035
SI,Slovenia,2008,4,4.3185,4.6551,11.6455,1.8635,4.6272,46.5568,23.3411,18.3515,0.741,23.7,4.371,29460.9414243515,6.2,6.1,16.5,1.4,4.8,5.3,1.7,0.35640333333333346,-0.446463333333333,-0.08661888888888865,0.04178666666666686
SI,Slovenia,2010,5,3.9363,4.6133,11.8593,1.7475,4.8462,47.4029,26.7857,16.536,0.795,24.9,7.236,27579.428605763,6.9,6.5,19.3,1.5,5.3,5.7,2.2,0.38065500000000013,-0.4340533333333332,-0.10026722222222206,0.01347166666666677
SI,Slovenia,2012,6,4.5482,4.5032,11.805,1.6255,4.7136,48.2627,26.257,18.218,0.768,25.6,8.841,28786.7105517686,7.0,6.4,19.6,1.1,4.8,6.0,1.8,0.49744499999999975,-0.46704666666666683,-0.24269944444444472,0.08492833333333305
SI,Slovenia,2014,7,4.0689,4.4605,12.1628,1.7246,4.4106,49.5776,20.098,17.3203,0.798,25.7,9.668,30571.9753019832,6.5,6.0,18.9,0.9,5.7,7.3,1.6,0.42085833333333333,-0.4674166666666667,-0.15275277777777774,0.0652583333333332
SI,Slovenia,2016,8,4.3995,4.8032,12.3623,1.7148,4.7852,49.0643,21.5491,18.9748,0.796,24.8,8.0,33575.1775435757,6.8,5.6,17.8,0.9,5.0,6.7,1.4,0.3744199999999999,-0.47138000000000013,-0.11924666666666672,0.08861999999999992
SI,Slovenia,2018,9,4.4837,4.6552,12.6815,1.6611,4.8735,49.3543,24.7532,20.7132,0.758,24.6,5.108,38620.2045436305,6.6,5.4,16.7,1.0,5.0,5.4,1.4,0.4662233333333335,-0.4973099999999996,-0.16200999999999968,0.040990000000000304
SI,Slovenia,2020,10,4.6608,4.7518,12.8172,1.632,4.937,49.4105,23.6,19.4089,0.668,24.0,4.971,41767.2579899957,8.0,5.7,18.9,1.1,8.3,5.4,1.5,0.3518933333333334,-0.4908899999999998,-0.10364000000000002,0.11851000000000012
SI,Slovenia,2023,11,4.7054,4.8674,13.0596,1.5796,4.894,49.7644,21.1507,20.8333,0.655,24.7,3.652,56064.0974596742,7.4,5.4,17.0,1.2,6.3,4.6,1.5,0.36155666666666625,-0.5090600000000005,-0.11977666666666716,0.14638999999999958
SK,Slovakia,2004,2,4.024,5.794,12.001,2.4003,4.8704,42.3639,18.115,9.3254,0.748,27.1,18.206,21851.9549601873,5.1,3.8,13.9,0.8,4.6,5.1,1.0,0.5389050000000001,-0.5755699999999997,-0.24509499999999992,0.13485500000000017
SK,Slovakia,2006,3,4.2942,5.8998,12.4509,2.309,5.0155,43.392,22.9499,8.607,0.726,25.8,13.395,25342.3099268358,6.6,3.9,13.0,0.9,4.7,4.8,0.9,0.5301149999999996,-0.5064433333333338,-0.24417388888888913,0.07753166666666633
SK,Slovakia,2008,4,3.9856,6.0755,12.6336,2.2949,4.7253,50.0862,23.8149,7.2928,0.735,26.0,9.514,29556.2617975695,6.8,3.7,12.4,0.8,4.6,4.2,0.9,0.7437933333333332,-0.6418899999999998,-0.41374,0.14680999999999989
SK,Slovakia,2010,5,3.9956,6.0573,12.8485,2.288,4.7746,50.5776,20.8356,8.3513,0.752,27.3,14.387,29758.1740140117,7.6,4.4,13.1,1.3,4.7,4.7,1.3,0.6850783333333333,-0.6114466666666667,-0.3878327777777777,0.16557833333333338
SK,Slovakia,2012,6,3.9672,6.0969,13.0164,2.2531,4.9096,49.2797,20.3804,4.5479,0.74,26.1,13.966,30907.039248956,7.1,3.9,12.9,1.1,4.6,5.6,1.0,0.6528116666666669,-0.5271466666666667,-0.37549944444444444,0.1111783333333336
SK,Slovakia,2018,9,3.8603,6.0234,12.7556,2.0874,4.864,55.0532,26.6174,6.0942,0.706,25.0,6.544,36430.7941704195,5.4,4.2,14.2,1.2,5.1,4.9,1.0,0.4885416666666667,-0.5060166666666663,-0.2757361111111109,0.18680833333333347
SK,Slovakia,2020,10,3.9272,6.1032,12.9023,2.0788,5.0361,53.0745,21.6254,4.5839,0.76,24.2,6.719,36216.4002110814,6.2,4.7,15.8,1.2,6.2,5.4,1.1,0.4101166666666664,-0.4426000000000001,-0.2299500000000001,0.17235
SK,Slovakia,2023,11,4.0021,6.0233,12.9971,2.1984,4.532,54.6771,20.9028,4.0222,0.73,23.8,5.843,39518.2209359245,6.6,5.0,17.6,1.2,7.5,5.5,1.1,0.43942,-0.49574666666666656,-0.2819911111111111,0.2596033333333334
TR,Türkiye,2004,2,3.0065,7.0558,6.5506,2.2395,6.3231,39.1884,51.6024,3.556,0.511,41.3,10.838,16583.8837094062,,,,,,,,0.6905350000000001,-0.44142333333333306,-0.35402055555555556,-0.06334833333333312
TR,Türkiye,2008,4,2.2938,7.0752,6.7663,2.2203,5.8022,39.5777,60.5132,2.9801,0.416,39.0,10.965,19839.5845462269,,,,,,,,0.31061499999999986,-0.20776000000000017,-0.17375166666666697,0.0024649999999997174
UA,Ukraine,2004,2,4.3259,5.0015,11.5216,2.5814,5.5494,49.8611,30.1038,25.9478,0.27,28.9,8.59,15021.06640625,,,,,,,,0.7081949999999999,-0.6535133333333334,-0.5021272222222223,0.3444116666666668
UA,Ukraine,2006,3,4.0076,5.3021,11.5044,2.6608,5.5679,48.7917,34.965,25.7742,0.379,29.8,6.81,16901.5078125,,,,,,,,0.6399549999999999,-0.5991366666666664,-0.4476227777777777,0.31063833333333335
UA,Ukraine,2008,4,3.9792,5.1581,11.8013,2.5934,5.2583,48.8352,33.6235,22.5474,0.392,26.6,6.363,18883.986328125,,,,,,,,0.7098450000000004,-0.5720966666666667,-0.5161327777777774,0.2815283333333334
UA,Ukraine,2010,5,4.1654,5.1855,12.1288,2.4605,5.1384,50.2694,32.2933,22.8379,0.265,24.8,8.1,16811.794921875,,,,,,,,0.668805,-0.5617200000000002,-0.4562950000000002,0.24295500000000003
UA,Ukraine,2012,6,4.4564,5.1154,12.3716,2.4978,5.4144,48.4823,33.7937,20.7989,0.257,24.7,7.529,17848.740234375,,,,,,,,0.5688666666666667,-0.4544499999999998,-0.37646666666666667,0.16585000000000005
UA,Ukraine,2023,11,3.7722,5.3589,12.8065,2.0415,5.241,51.5429,36.9925,14.581,0.237,25.6,,15916.9580078125,,,,,,,,0.46838666666666634,-0.6108300000000004,-0.2624133333333338,0.3018699999999994
XK,Kosovo,2012,6,3.6405,7.2771,10.3892,2.0638,6.5697,43.2218,12.4324,9.2664,0.38,29.0,,8431.66232694657,,,,,,,,0.7254783333333336,-0.47239666666666635,-0.2027327777777775,-0.31172166666666634
