cntry,trust_mean,religiosity_mean,eduyrs_mean,safety_mean,lrscale_mean,age_mean,urban_pct,diversity_pct,v2x_libdem,wb_gini,wb_unemployment,wb_gdp_per_capita_ppp,gov_exp_year,gov_exp_health,gov_exp_education,gov_exp_social,gov_exp_defence,gov_exp_economic,gov_exp_public_services,gov_exp_culture,dim_openness,dim_transcendence,dim_conservation,dim_enhancement,d_SD,d_UN,d_BE,d_TR,d_CO,d_SE,d_PO,d_AC,d_HE,d_ST,country_name,year
AT,6.0333340186046875,4.315935684307359,13.238442837909618,1.7451820001888732,4.766811143753346,49.178244902274244,36.408711177525156,19.8162668804927,0.777,31.2,5.264,64536.2981841434,2023,9.3,4.967,21.833,0.633,7.533,5.633,1.233,-0.23957086154994534,0.6256955213862953,0.06438505173252472,-0.5002533559780401,0.3882067494961278,0.5386449903845563,0.7127460523880341,-0.24185930572464087,-0.11289699208064957,0.5476806547532251,-0.7029449241649084,-0.2975479910855432,-0.17970947149904515,-0.9272098626469186,Austria,2023
BE,5.388123935662278,4.29860859249129,13.429774148108022,1.9793849090164024,5.024676766914158,47.758651813565336,25.580513419747113,27.27437869568269,0.816,26.8,5.547,71946.1447190292,2023,7.867,6.267,20.2,1.067,6.433,6.8,1.2,-0.03601588101160152,0.6992208916176945,-0.0048007988495563465,-0.7884594603195677,0.36548127289031523,0.6007011236833483,0.7977406595520409,0.09409664455498334,-0.3113472878851804,0.20284824678152802,-1.092201806318855,-0.4847171143202806,0.15887248302265294,-0.6324013989477726,Belgium,2023
BG,3.719592904891998,3.7552390372861946,12.220452178868362,2.5001547341226944,5.3917254388024904,50.03077975360211,43.45178422228918,1.9110928912367462,0.585,39.5,4.319,33073.8179631314,2023,5.433,4.1,13.8,1.433,6.733,3.267,0.667,-0.1538071652079531,0.3256528550124814,0.0731688073268283,-0.25275026493464475,0.10387986974821385,0.1984452892152602,0.45286042080970274,-0.16388622490952195,-0.045503826851731134,0.42596125277277297,-0.6143194123641939,0.10881888249490423,-0.18899605348663218,-0.376305311885441,Bulgaria,2023
CH,5.828853001692826,4.390650938836054,11.828476596183046,1.632141818484524,5.017062529905203,48.64734659889622,18.55933430606044,44.647579872853136,0.841,33.8,4.043,95141.5960943632,2023,2.2,5.167,12.467,0.8,3.833,4.3,0.933,0.0707830044908776,0.7864521636875519,-0.15442628467335434,-0.8418822832784519,0.6187979433555596,0.6973633036238027,0.8755410237513012,-0.04440330457288916,-0.5875151774406351,0.16821264946663395,-1.0194339298994801,-0.6643306366574238,0.22166807048853168,-0.6281170003714587,Switzerland,2023
CY,4.081539764396607,6.592009614584695,12.868983983717133,2.201547435853191,5.232096551082482,50.41097726347231,42.261653894792275,18.35953307948546,0.645,31.8,5.835,51453.7265625,2023,6.0,4.9,13.133,1.7,2.9,5.533,0.567,-0.23350528132419138,0.566583959359663,0.26016957404091456,-0.7409012667483094,0.39877343564894513,0.5214196770166936,0.6117482417026324,0.3040821592512222,-0.25874669080853996,0.7351732536800613,-0.923594637023459,-0.5582078964731598,-0.4765842067593671,-0.6227050728621523,Cyprus,2023
DE,4.926362278502312,3.8443702458233155,13.694360249643932,2.0149574824949332,4.514317975680511,48.882127638145285,30.395669169322442,26.79686411548376,0.812,33.7,3.071,71684.0311875583,2023,7.767,4.467,19.9,1.267,5.6,6.1,1.033,-0.08039627404180948,0.8708552969075503,-0.000959886058627692,-0.9337457245649471,0.5893692530607796,0.7521424951438223,0.9895680986712784,-0.03757741322031627,-0.42445849171642874,0.458530675985199,-1.1646588538885922,-0.702832595241302,0.03291904622839214,-0.8634771214146001,Germany,2023
EE,5.579536785471319,3.105192098569071,13.718935894718404,1.7572075565921224,5.655845619552075,48.24488468524642,42.74961605327775,26.11748063596768,0.849,30.7,6.378,41288.6165892158,2023,6.133,6.1,13.3,3.0,4.933,4.033,1.933,-0.03429793981188348,0.6646551915700358,0.12414945472967816,-0.948638710946579,0.4834308814726138,0.6144283241559496,0.7148820589841219,0.09413907391926835,-0.2559549835612639,0.53426427383103,-1.1826678837264508,-0.7139944260474326,-0.07351577590338428,-0.5130049933396493,Estonia,2023
ES,5.2773612058572406,4.030798235252853,14.602733473607627,1.848132454950793,4.626694183696887,48.8618222615079,28.586542824191717,19.734069439124276,0.763,33.4,12.179,55682.2402603093,2023,6.633,4.2,18.5,0.967,5.233,5.7,1.2,-0.17569273235357039,0.8890893641725209,0.2029748512112961,-1.1284254854926334,0.5603967181959958,0.7845991422737114,0.9935795860713307,0.25665093741089196,-0.25663454091881466,0.6089081571418111,-1.3600573438510521,-0.8967620676461036,-0.1907375598028131,-0.8967373554538939,Spain,2023
FI,6.827175650103056,4.319763681808802,13.949649244331379,1.658332830248614,5.501073501299819,49.4118045790219,37.718440485885566,7.67365062433944,0.825,27.4,7.149,63414.9936878177,2023,7.6,6.067,25.3,1.367,4.7,6.867,1.567,0.04936497415130236,0.8831788625287297,-0.015845059306447508,-1.1449253609722432,0.48000078824562137,0.8448452107036319,0.9215125143538274,-0.3029573497603493,-0.15220543395529448,0.40863805189744257,-1.4063516809235739,-0.8834990410209129,0.19235934461068996,-0.5242652104024043,Finland,2023
FR,4.47343498050148,4.442413141584834,12.796420679838288,2.005523962432353,5.050001433290656,48.201773468741415,27.45476946993952,24.125803527666044,0.81,31.8,7.335,60838.9416716424,2023,8.933,5.033,23.6,1.833,6.267,6.3,1.467,0.02205335448483412,0.8123700374734093,0.08145208618581815,-1.1658458766132114,0.38829821947748544,0.7758811794582249,0.8488588954885936,0.10670780180471577,-0.3019404988469573,0.4392806766738062,-1.3179346212152585,-1.0137571320111642,0.3192566391456945,-0.6413947951686777,France,2023
GB,5.419787455484268,3.2761504223833966,14.7849217664408,1.9342202132333528,4.532983060157781,48.56080951141017,36.75831818213189,28.188526818072322,0.768,32.4,4.025,52592.6822066393,2023,9.048,5.673,,2.189,,,,-0.1290973608602998,0.7793083175843698,0.0028614929568896285,-0.7871161838448706,0.4830811480909153,0.7313130976594371,0.8273035375093024,-0.01749963548679365,-0.3673538702584254,0.39134008905440787,-1.0721183227380642,-0.49938138720931685,-0.2960126895023292,-0.5739777501504598,United Kingdom,2023
GR,4.46105975985583,6.233690467020758,12.1581283992931,2.1835755555641114,5.295108179458083,49.55051381386702,58.19325925908711,6.353970159941383,0.584,33.4,11.023,36700.5134631055,2023,5.933,4.033,18.367,2.333,7.467,7.8,1.067,-0.10427290060785446,0.39131498164844974,0.1618053961022339,-0.5558336199344047,0.32751627699441516,0.3058937750135377,0.47673618828336173,0.0621547208005331,-0.2798850510739429,0.7023488780963288,-0.6857017832415851,-0.42596545662722435,-0.1470478179936387,-0.4932871608243399,Greece,2023
HR,4.592370536976665,5.58263142427946,11.81406436196787,1.6302083347720384,5.248960940310739,52.893212137156524,31.06477291036657,20.67206834477725,0.646,30.1,6.121,41320.2032633085,2023,8.167,5.1,13.2,1.267,7.333,4.867,1.767,-0.5104100938528511,0.6897571726314187,0.3807512988550462,-0.6343329167099117,0.1834422304683743,0.6009944478054721,0.7780754566811812,0.30260075516666834,0.1947789072314857,0.6440381289949487,-0.8364191349609152,-0.4322466984589082,-0.44699578128320266,-1.2676767307437247,Croatia,2023
HU,4.523103553050523,4.010356087598497,12.4289296884036,1.890275382509758,5.5142204889855515,48.80061976358318,33.59271794759957,4.493681428130953,0.323,28.6,4.096,46592.3856070073,2023,4.833,4.6,12.567,1.733,9.233,9.533,2.6,-0.10374899090861914,0.3070881340545557,0.0698933718950439,-0.3301152048915019,0.17414632845661598,0.2903756653918257,0.3238006027172856,-0.05864157421025985,-0.14666857751911846,0.41499026741451006,-0.5385037393376575,-0.1212654376214846,0.057314277426109485,-0.5427075786085828,Hungary,2023
IE,5.449794038556247,4.729604657544628,15.254080034973619,1.8950239868145613,4.789872853340071,45.904575951682176,30.649257889348174,24.537974378204257,0.829,29.0,4.243,129682.607150517,2023,5.167,2.633,7.6,0.167,2.067,2.033,0.4,-0.1863697720087587,0.6069136912908079,0.10909660750857944,-0.6303677382687837,0.3769679748218359,0.5483867046604404,0.6654406779211753,0.0741819787718046,-0.26362917419072673,0.516523750723945,-0.8412939479994097,-0.41944152853815764,-0.3918373964723953,-0.544348046052635,Ireland,2023
IL,5.194830731628999,5.040633715955019,13.493092094587682,1.9855038869639874,5.951908088265971,45.381412000657484,65.15814035753726,51.71372802264316,0.63,38.3,3.371,47527.151024672,2023,4.526,5.932,,6.198,,,,-0.11895814441986448,0.34748663003576025,0.0004942137998435738,-0.2404336098332679,0.3102234723435787,0.28320655788583426,0.4117667021856863,-0.09182711176003049,-0.2903930882058722,0.3837028413654334,-0.5665771637669756,0.09055679343113308,-0.02549010502238739,-0.6416078005807847,Israel,2023
IS,6.48079029960659,4.194068648008758,15.956784103174058,1.4265592971983119,4.710252877702114,39.891051419561656,41.378235979376406,23.11732216597572,0.755,26.8,3.518,68118.3960312086,2023,8.333,6.833,11.367,0.2,4.967,8.567,2.967,0.12044490816872694,1.0082057247518086,-0.30827640469193424,-0.9372197956737608,0.4882209675653312,0.8297900576014321,1.1866213919021853,-0.2917776859679318,-0.6601808580609115,0.027681117798988162,-1.1419833971515458,-0.7324561941959757,0.26421949900561514,-0.39110574206476556,Iceland,2023
IT,4.490399331355481,5.411086632219722,11.630474375523374,2.2385168154364505,5.14870570620164,53.718540581357225,17.058411825812968,10.236255293272242,0.732,34.3,7.627,52870.3261442897,2023,6.667,3.967,21.233,1.233,5.8,7.733,0.867,-0.3994071512289115,0.39990805138485114,0.26047400851218505,-0.30012001108191394,0.1618475815044392,0.41809811983601597,0.3817179829336863,0.15630211372278438,0.031795296304313006,0.593174355582545,-0.535196713254992,-0.06488341720141032,-0.5291810426863414,-0.8298060524842731,Italy,2023
LT,5.111163931516152,5.014327166172569,13.604187299367473,2.1089426426464466,5.280228008859893,48.50675759391205,41.06751753015987,12.044122563842482,0.726,36.0,6.841,46159.7081733083,2023,5.4,5.167,14.067,2.167,3.5,3.4,1.233,-0.09964586146916483,0.23189216528998904,0.12410465749696395,-0.3277087736909159,0.39641229121335175,0.2448709379593362,0.21891339262064183,0.009990963112315005,-0.28091799674127305,0.642338261781851,-0.5707983849413876,-0.08442213602429216,-0.33114247635396343,-0.3642069370080075,Lithuania,2023
LV,3.9315165474410008,3.1476280639188157,13.33784978940218,2.0505685207592035,5.971134579206214,50.010088488337864,47.30865798362701,19.804900636832297,0.765,34.0,6.465,37277.7217221317,2023,5.467,5.967,13.867,2.567,7.167,4.0,1.367,-0.08689613906479524,0.3791437720779555,0.07998619740212541,-0.44316425935399656,0.3110661287428873,0.26774111916506327,0.49054642499084766,-0.05200896348649613,-0.38567014444050374,0.677747532073687,-0.5526939120166695,-0.33363460669132355,-0.07648335313738548,-0.4952711927998875,Latvia,2023
ME,4.249395180647175,5.777464557060249,12.647051578687545,1.961164409082909,4.068111565804869,45.94904834718223,44.68837546430436,9.765350520790426,0.471,34.3,13.146,27243.51720726,2023,6.97,,,1.642,,,,-0.1394986600518842,0.1218376592678345,0.10689432825602553,-0.08119374415966124,0.06570687851251007,0.04238653066385986,0.20128878787180915,0.07364406529428398,-0.0502834146973565,0.2985643000501964,-0.15780086423306258,-0.004094539270175445,-0.24320093380602023,-0.24365428359465907,Montenegro,2023
NL,6.192540213196973,3.778880229455873,14.53799483858872,1.8192836336877998,5.079263819752119,47.99843285635408,26.70262954631866,18.11345163758465,0.79,25.7,3.535,81728.6904629268,2023,7.2,5.033,16.233,1.433,5.067,3.8,1.167,0.09956543729705726,0.7615193201968937,-0.17876403263756643,-0.8128620013462724,0.6124279187806435,0.6716279042304227,0.8514107361633647,-0.15396679718341716,-0.4064009427869653,0.024075642057683127,-1.0960834303732738,-0.5296405723192706,0.17490063127268565,-0.48863223816215734,Netherlands,2023
NO,6.545163427877081,3.1920772410541542,13.991002121409444,1.4288656620014875,5.147756507057053,46.577167357308326,32.322984854081035,19.838711041037815,0.833,26.5,3.574,103637.516843678,2023,6.667,4.267,16.733,1.733,5.4,4.533,1.4,-0.0968477968788001,0.8306626071990865,-0.0019253819569519039,-0.8558731532077334,0.5007184192001606,0.687052688797338,0.9742725256008349,-0.3016220817008985,0.1537439557007485,0.1421019801292943,-1.0509727456167532,-0.6607735607987135,-0.1668367977265729,-0.6255114392303828,Norway,2023
PL,4.5653515689750925,5.970368318300006,13.369021708641599,1.7452765930140968,5.650057455825349,51.25757375143884,22.533260528093237,3.8229649607254004,0.452,28.5,2.743,48473.0940286419,2023,5.667,5.033,17.267,2.267,6.567,4.8,1.267,-0.5017277446825673,0.6274118982478839,0.37399508214091737,-0.589885269578731,0.2495148310168712,0.6061684227518261,0.6486553737439419,0.22170657091678694,0.20136540094374938,0.6981866087164186,-0.7370698853998342,-0.4417447726388328,-0.9462044010473198,-0.8083113749651777,Poland,2023
PT,4.272952765163394,5.512828302572472,10.655385231135671,1.9704290336463952,5.0397374554109335,50.33735335009548,38.516434031515956,17.85209171707873,0.757,33.9,6.498,49352.8388613032,2023,6.867,4.333,17.0,0.833,4.267,5.733,0.833,-0.12994106197912667,0.5339261318474234,0.039111702677988185,-0.5107450848917545,0.3707523126301208,0.44693540037592605,0.6209168633189209,0.1180298031733255,-0.4248850035810189,0.424190308441658,-0.8808582808594103,-0.14063188892409886,0.022754669252804897,-0.7833301678203057,Portugal,2023
RS,4.469638817764225,6.33964656187901,12.300213018838003,1.7279131430912025,4.7890149498787995,49.425279357084506,40.05654870122613,17.44231360195415,0.247,32.8,8.268,25735.2402009063,2023,5.519,3.244,,2.325,,,,-0.34717056209045166,0.6398659493846198,0.22361380257139224,-0.5817175714558016,0.2081246564642677,0.4872364524798512,0.7924954462893885,0.14946397057826363,-0.23194473448092703,0.7521320570207439,-0.8833685604293504,-0.27964316504350684,-0.41280949696645786,-0.8352502150015709,Serbia,2023
SE,6.169420974179944,2.9385993221578786,13.793579430909306,1.6707858585901705,4.94089111324148,48.19858164122422,40.688988504098425,25.220565073328604,0.845,29.3,7.611,69226.3272756663,2023,7.333,7.233,19.0,1.833,4.967,5.333,1.4,0.09370337437373197,0.9505228672671192,-0.21298412577930737,-0.9922198344935496,0.6029969598986856,0.8657533242018326,1.0352924103324057,-0.14158061476069647,-0.42422736349325507,-0.0731443990839705,-1.0783444611832225,-0.906095207803877,0.20408419212548856,-0.5262828762224456,Sweden,2023
SI,4.704759425481337,4.8727685078084395,13.00699116777683,1.5762267670645733,4.886491776346059,49.5907623890062,21.222106632337823,21.17477905564355,0.655,24.7,3.652,56064.0974596742,2023,7.667,5.5,17.233,1.3,6.167,4.667,1.5,-0.17724264314567903,0.4985866169023176,0.1562195765508152,-0.5992043735694933,0.34064896984788234,0.5277537992867215,0.4694194345179136,0.21454641161656296,-0.20394311861540207,0.4580960797870479,-1.006146400989209,-0.19226234614977766,-0.1808455539812392,-0.691888207868206,Slovenia,2023
SK,4.048710617816573,5.829102201911349,13.287529606769922,2.1489604287099295,4.758401524419279,47.319655328691795,23.85647144697941,4.350962024997447,0.73,23.8,5.843,39518.2209359245,2023,6.8,4.933,17.167,1.167,6.033,5.367,1.1,-0.25031032181466795,0.2944994757235468,0.2620606248364331,-0.39434419299438134,0.1973431266161062,0.31059251121671916,0.2783972878028281,0.16929561772315246,0.06369941790653466,0.5540274074217588,-0.5100368289028454,-0.27965370045456256,-0.37529447116456194,-0.5729487370119108,Slovakia,2023
UA,3.6893405351149187,5.323653606301903,12.807285005966689,2.0078681611358147,5.190912395795533,49.02795863569388,33.64416830756263,13.97601438314826,0.237,25.6,,15916.9580078125,2023,4.002,5.261,,32.217,,,,-0.2974477146564038,0.513086504450905,0.22705062815182397,-0.5540672129412866,0.16496200305421305,0.5529533559909761,0.47319766766517735,-0.05039547859838336,-0.037688228588540845,0.7687672934516473,-0.6780842316530711,-0.4305276167441142,-0.40000312777437785,-0.6565645001547111,Ukraine,2023
